transactionTime,transactionNo,service,idocNo
2021-12-04T18:40:34,0A0E3269C44061AB45821957,sendDeliveryDataToDMS,0000000181180116
2021-12-04T18:40:32,0A0E32614A6061AB45821197,sendDeliveryDataToDMS,0000000181180119
2021-12-04T17:38:15,0A0E326B415061AB36FF047A,sendDeliveryDataToDMS,0000000181171857
2021-12-04T17:38:13,0A0E3261CD5061AB36FF0815,sendDeliveryDataToDMS,0000000181171860
2021-12-04T17:32:02,0A0E32690B4061AB358C05B2,sendDeliveryDataToDMS,0000000181171657
2021-12-04T17:04:13,0A0E3269852061AB2F0B27DE,sendDeliveryDataToDMS,0000000181171364
2021-12-04T16:42:40,0A0E3261000061AB29F22C28,sendDeliveryDataToDMS,0000000181166917
2021-12-04T16:42:38,0A0E12DD460061AB29F27638,sendDeliveryDataToDMS,0000000181166920
2021-12-04T14:15:29,0A0E3269C44061AB077A17BC,sendDeliveryDataToDMS,0000000181141186
2021-12-04T14:15:28,0A0E12DD023061AB077A8726,sendDeliveryDataToDMS,0000000181141189
2021-12-04T14:05:26,0A0E32610B4061AB051B3075,sendDeliveryDataToDMS,0000000181137977
2021-12-04T14:05:23,0A0E326B0B4061AB051B06BF,sendDeliveryDataToDMS,0000000181137974
2021-12-04T13:59:07,0A0E326B415061AB03A20369,sendDeliveryDataToDMS,0000000181140150
2021-12-04T13:59:03,0A0E3269CB2061AB03A22931,sendDeliveryDataToDMS,0000000181140147
2021-12-04T13:43:59,0A0E3261C67061AB001B26A4,sendDeliveryDataToDMS,0000000181137889
2021-12-04T13:44:06,0A0E3269483061AB001C0556,sendDeliveryDataToDMS,0000000181137892
2021-12-04T13:33:11,0A0E3261C21061AAFD9528F4,sendDeliveryDataToDMS,0000000181137792
2021-12-04T13:33:17,0A0E326B000061AAFD952718,sendDeliveryDataToDMS,0000000181137789
2021-12-04T12:43:28,0A0E32694A6061AAF1E908B2,sendDeliveryDataToDMS,0000000181134729
2021-12-04T12:43:22,0A0E12DDCB2061AAF1E8883A,sendDeliveryDataToDMS,0000000181134726
2021-12-04T12:41:36,0A0E3261875061AAF17437BF,sendDeliveryDataToDMS,0000000181135395
2021-12-04T12:41:26,0A0E32614F1061AAF174191D,sendDeliveryDataToDMS,0000000181135390
2021-12-04T12:32:26,0A0E326B4F1061AAEF58298D,sendDeliveryDataToDMS,0000000181133999
2021-12-04T09:31:29,0A0E3269046061AAC4E9325A,sendDeliveryDataToDMS,0000000181122047
2021-12-04T08:31:19,0A0E3269460061AAB6BF242D,sendDeliveryDataToDMS,0000000181117338
2021-12-04T08:30:57,0A0E12DD460061AAB6BF731A,sendDeliveryDataToDMS,0000000181117335
2021-12-04T08:23:44,0A0E32610D7061AAB50C013E,sendDeliveryDataToDMS,0000000181117306
2021-12-04T08:23:41,0A0E326B000061AAB50B2671,sendDeliveryDataToDMS,0000000181117303
2021-12-04T08:10:24,0A0E12DD4F1061AAB1DB8382,sendDeliveryDataToDMS,0000000181117254
2021-12-04T08:10:21,0A0E12DD023061AAB1DB8462,sendDeliveryDataToDMS,0000000181117251
2021-12-04T07:58:36,0A0E3269460061AAAF2B2422,sendDeliveryDataToDMS,0000000181115279
2021-12-04T07:58:38,0A0E32610B4061AAAF2B2FE1,sendDeliveryDataToDMS,0000000181115282
2021-12-03T20:03:01,0A0E12DD091061AA07717D62,sendDeliveryDataToDMS,0000000181087777
2021-12-03T15:59:53,0A0E32698E3061A9CE7436CD,sendDeliveryDataToDMS,0000000181067124
2021-12-03T15:59:49,0A0E12DD023061A9CE747D98,sendDeliveryDataToDMS,0000000181067121
2021-12-03T15:43:58,0A0E3269483061A9CAB6024B,sendDeliveryDataToDMS,0000000181065160
2021-12-03T15:43:56,0A0E3261C67061A9CAB52380,sendDeliveryDataToDMS,0000000181065157
2021-12-03T15:25:42,0A0E12DD4F1061A9C6747CBD,sendDeliveryDataToDMS,0000000181065034
2021-12-03T15:25:41,0A0E3269091061A9C67406A8,sendDeliveryDataToDMS,0000000181065031
2021-12-03T11:54:29,0A0E32690D7061A994E70132,sendDeliveryDataToDMS,0000000181048993
2021-12-03T11:54:18,0A0E12DD852061A994E66494,sendDeliveryDataToDMS,0000000181048990
2021-12-03T11:07:09,0A0E326B4A6061A989DB3CA5,sendDeliveryDataToDMS,0000000181042829
2021-12-03T11:07:07,0A0E32610D7061A989DA3226,sendDeliveryDataToDMS,0000000181042826
2021-12-03T10:36:24,0A0E32694A6061A9829A0449,sendDeliveryDataToDMS,0000000181043321
2021-12-03T10:36:22,0A0E326B483061A9829925F8,sendDeliveryDataToDMS,0000000181043318
2021-12-03T09:54:37,0A0E12DD4F1061A978DA7AB7,sendDeliveryDataToDMS,0000000181038688
2021-12-03T09:54:35,0A0E326B460061A978DA2349,sendDeliveryDataToDMS,0000000181038685
2021-12-03T09:46:18,0A0E3261C21061A976E525BA,sendDeliveryDataToDMS,0000000181038628
2021-12-03T08:33:34,0A0E3269091061A965D805E8,sendDeliveryDataToDMS,0000000181032873
2021-12-03T08:33:35,0A0E326B4A6061A965D93C42,sendDeliveryDataToDMS,0000000181032876
2021-12-03T08:30:11,0A0E3269415061A9650B058D,sendDeliveryDataToDMS,0000000181033519
2021-12-03T08:30:10,0A0E12DD852061A9650B62A2,sendDeliveryDataToDMS,0000000181033516
2021-12-03T08:22:32,0A0E12DDC21061A96345719D,sendDeliveryDataToDMS,0000000181032749
2021-12-03T08:22:33,0A0E12DDC21061A96345719F,sendDeliveryDataToDMS,0000000181032752
2021-12-03T07:49:26,0A0E32698E3061A95B8235B0,sendDeliveryDataToDMS,0000000181032568
2021-12-03T07:39:01,0A0E3269046061A959112D49,sendDeliveryDataToDMS,0000000181034206
2021-12-03T07:38:57,0A0E3261483061A959100ACF,sendDeliveryDataToDMS,0000000181034203
2021-12-02T16:59:03,0A0E3261CD5061A88AD6018B,sendDeliveryDataToDMS,0000000180995961
2021-12-02T16:59:04,0A0E326BCD5061A88AD60383,sendDeliveryDataToDMS,0000000180995964
2021-12-02T16:20:03,0A0E32618C0061A881B120B2,sendDeliveryDataToDMS,0000000180995752
2021-12-02T16:20:02,0A0E32694A6061A881B10149,sendDeliveryDataToDMS,0000000180995749
2021-12-02T16:11:00,0A0E326B023061A87F8C2740,sendDeliveryDataToDMS,0000000180996617
2021-12-02T16:10:58,0A0E32698E3061A87F8B338E,sendDeliveryDataToDMS,0000000180996614
2021-12-02T16:02:33,0A0E326B046061A87D97333E,sendDeliveryDataToDMS,0000000180994814
2021-12-02T16:02:31,0A0E12DD000061A87D9666B0,sendDeliveryDataToDMS,0000000180994811
2021-12-02T14:59:49,0A0E12DD4F1061A86EE27466,sendDeliveryDataToDMS,0000000180989895
2021-12-02T14:59:47,0A0E3269C44061A86EE20FD1,sendDeliveryDataToDMS,0000000180989892
2021-12-02T13:53:16,0A0E3261CB2061A85F440079,sendDeliveryDataToDMS,0000000180986565
2021-12-02T13:53:15,0A0E3269C44061A85F430FB3,sendDeliveryDataToDMS,0000000180986562
2021-12-02T13:51:36,0A0E3269091061A85EE5046C,sendDeliveryDataToDMS,0000000180986539
2021-12-02T13:52:19,0A0E12DD460061A85F106501,sendDeliveryDataToDMS,0000000180986545
2021-12-02T13:52:17,0A0E3269875061A85F10125B,sendDeliveryDataToDMS,0000000180986542
2021-12-02T13:51:34,0A0E12DD8C0061A85EE56ADE,sendDeliveryDataToDMS,0000000180986536
2021-12-02T13:03:30,0A0E3261483061A853A00951,sendDeliveryDataToDMS,0000000180986105
2021-12-02T11:27:12,0A0E3269807061A83D0B0188,sendDeliveryDataToDMS,0000000180974368
2021-12-02T11:27:10,0A0E12DDC21061A83D0B6AD8,sendDeliveryDataToDMS,0000000180974365
2021-12-02T08:56:18,0A0E32614A6061A819B1077D,sendDeliveryDataToDMS,0000000180962611
2021-12-02T08:56:20,0A0E32690D7061A819B12E9C,sendDeliveryDataToDMS,0000000180962614
2021-12-02T07:46:57,0A0E3269000061A8096E0549,sendDeliveryDataToDMS,0000000180959049
2021-12-02T07:46:55,0A0E12DDCB2061A8096D734B,sendDeliveryDataToDMS,0000000180959045
2021-12-01T20:48:50,0A0E32694A6061A76F2E03AD,sendDeliveryDataToDMS,0000000180936637
2021-12-01T20:48:48,0A0E32618E3061A76F2E2F49,sendDeliveryDataToDMS,0000000180936640
2021-12-01T18:18:13,0A0E3261CD5061A74BD63240,sendDeliveryDataToDMS,0000000180929202
2021-12-01T18:18:14,0A0E326B8C0061A74BD70878,sendDeliveryDataToDMS,0000000180929205
2021-12-01T17:29:23,0A0E326B091061A740722338,sendDeliveryDataToDMS,0000000180919898
2021-12-01T17:29:24,0A0E12DD8C0061A74072635F,sendDeliveryDataToDMS,0000000180919901
2021-12-01T15:30:49,0A0E3269091061A724A60207,sendDeliveryDataToDMS,0000000180913683
2021-12-01T15:30:35,0A0E326BCD5061A724950358,sendDeliveryDataToDMS,0000000180913678
2021-12-01T15:29:31,0A0E12DD091061A724596A1F,sendDeliveryDataToDMS,0000000180913672
2021-12-01T15:29:28,0A0E3269460061A724571D14,sendDeliveryDataToDMS,0000000180913669
2021-12-01T15:25:40,0A0E3261C44061A723712D00,sendDeliveryDataToDMS,0000000180914427
2021-12-01T15:04:52,0A0E12DD852061A71E9154E1,sendDeliveryDataToDMS,0000000180911957
2021-12-01T15:04:50,0A0E3261807061A71E9103E4,sendDeliveryDataToDMS,0000000180911954
2021-12-01T14:29:25,0A0E12DD8C0061A716416247,sendDeliveryDataToDMS,0000000180909862
2021-12-01T13:42:27,0A0E3261091061A70B400481,sendDeliveryDataToDMS,0000000180909546
2021-12-01T13:42:25,0A0E326B4A6061A70B403538,sendDeliveryDataToDMS,0000000180909543
2021-12-01T13:42:17,0A0E12DD4F1061A70B366B9C,sendDeliveryDataToDMS,0000000180907962
2021-12-01T13:42:15,0A0E3261807061A70B3603D1,sendDeliveryDataToDMS,0000000180907959
2021-12-01T11:16:11,0A0E3261807061A6E8F80373,sendDeliveryDataToDMS,0000000180900570
2021-12-01T11:16:09,0A0E12DD852061A6E8F85364,sendDeliveryDataToDMS,0000000180900573
2021-12-01T10:34:34,0A0E32694A6061A6DF3501C5,sendDeliveryDataToDMS,0000000180894229
2021-12-01T10:34:32,0A0E3261807061A6DF35034B,sendDeliveryDataToDMS,0000000180894226
2021-12-01T10:26:23,0A0E3261460061A6DD4B1F88,sendDeliveryDataToDMS,0000000180895084
2021-12-01T09:20:43,0A0E12DD483061A6CDE86853,sendDeliveryDataToDMS,0000000180889039
2021-12-01T09:20:44,0A0E32610D7061A6CDE82B68,sendDeliveryDataToDMS,0000000180889045
2021-12-01T08:36:14,0A0E32610B4061A6C37B2681,sendDeliveryDataToDMS,0000000180887673
2021-12-01T08:36:12,0A0E326BCB2061A6C37B22A7,sendDeliveryDataToDMS,0000000180887670
2021-12-01T07:25:38,0A0E326B046061A6B2F02CD8,sendDeliveryDataToDMS,0000000180883956
2021-11-30T17:57:28,0A0E3269807061A5F5872CDA,sendDeliveryDataToDMS,0000000180841951
2021-11-30T16:52:36,0A0E326B460061A5E63E1D4E,sendDeliveryDataToDMS,0000000180838027
2021-11-30T16:52:15,0A0E3269C21061A5E63E1AB6,sendDeliveryDataToDMS,0000000180835024
2021-11-30T16:00:31,0A0E12DD8C0061A5DA1A5906,sendDeliveryDataToDMS,0000000180832462
2021-11-30T15:51:33,0A0E12DDC21061A5D7F25A59,sendDeliveryDataToDMS,0000000180834431
2021-11-30T15:51:32,0A0E12DDCB2061A5D7F16370,sendDeliveryDataToDMS,0000000180834428
2021-11-30T15:25:45,0A0E32690D7061A5D1F42933,sendDeliveryDataToDMS,0000000180831451
2021-11-30T15:25:44,0A0E12DD091061A5D1F35FE9,sendDeliveryDataToDMS,0000000180831448
2021-11-30T15:15:10,0A0E12DD460061A5CF6B548E,sendDeliveryDataToDMS,0000000180824020
2021-11-30T15:14:55,0A0E3261046061A5CF6B219A,sendDeliveryDataToDMS,0000000180824017
2021-11-30T14:32:47,0A0E12DDC21061A5C58C59E8,sendDeliveryDataToDMS,0000000180820767
2021-11-30T14:32:45,0A0E32618E3061A5C58C29BC,sendDeliveryDataToDMS,0000000180820764
2021-11-30T14:28:49,0A0E12DD4F1061A5C49F616F,sendDeliveryDataToDMS,0000000180823169
2021-11-30T14:28:48,0A0E32618E3061A5C49F29B7,sendDeliveryDataToDMS,0000000180823166
2021-11-30T14:21:57,0A0E326B875061A5C2FA2429,sendDeliveryDataToDMS,0000000180821543
2021-11-30T14:21:40,0A0E326BCD5061A5C2F32F86,sendDeliveryDataToDMS,0000000180821534
2021-11-30T14:21:56,0A0E32610B4061A5C2F92343,sendDeliveryDataToDMS,0000000180821540
2021-11-30T14:21:54,0A0E12DD023061A5C2F360E1,sendDeliveryDataToDMS,0000000180821537
2021-11-30T12:23:34,0A0E3269C44061A5A743088B,sendDeliveryDataToDMS,0000000180811639
2021-11-30T12:23:33,0A0E32618E3061A5A7422921,sendDeliveryDataToDMS,0000000180811636
2021-11-30T12:12:30,0A0E12DDC21061A5A4915935,sendDeliveryDataToDMS,0000000180812476
2021-11-30T12:12:29,0A0E12DDC21061A5A4915933,sendDeliveryDataToDMS,0000000180812471
2021-11-30T11:38:59,0A0E326BC21061A59CD01D11,sendDeliveryDataToDMS,0000000180811148
2021-11-30T11:38:58,0A0E12DD023061A59CCF5F9C,sendDeliveryDataToDMS,0000000180811145
2021-11-30T11:12:49,0A0E32614F1061A5969E1012,sendDeliveryDataToDMS,0000000180803925
2021-11-30T11:12:35,0A0E12DD000061A5969E5343,sendDeliveryDataToDMS,0000000180803928
2021-11-30T10:21:32,0A0E32610B4061A58AAA2253,sendDeliveryDataToDMS,0000000180798556
2021-11-30T10:21:31,0A0E32690D7061A58AAA2818,sendDeliveryDataToDMS,0000000180798553
2021-11-30T09:25:59,0A0E3269C44061A57DA60806,sendDeliveryDataToDMS,0000000180795776
2021-11-30T08:18:12,0A0E12DD000061A56DC25253,sendDeliveryDataToDMS,0000000180793572
2021-11-30T08:18:14,0A0E3269000061A56DC21B5A,sendDeliveryDataToDMS,0000000180793575
2021-11-30T07:16:50,0A0E326B807061A55F5E2DAD,sendDeliveryDataToDMS,0000000180790856
2021-11-29T22:33:19,0A0E12DDC21061A4E4A95499,sendDeliveryDataToDMS,0000000180772787
2021-11-29T22:33:20,0A0E3269C21061A4E4A9194F,sendDeliveryDataToDMS,0000000180772784
2021-11-29T19:51:09,0A0E3269C44061A4BEA8061A,sendDeliveryDataToDMS,0000000180753694
2021-11-29T19:51:08,0A0E326B483061A4BEA719F7,sendDeliveryDataToDMS,0000000180753689
2021-11-29T16:55:17,0A0E32690D7061A4956E2580,sendDeliveryDataToDMS,0000000180743551
2021-11-29T16:55:13,0A0E12DD023061A4956E57AA,sendDeliveryDataToDMS,0000000180743554
2021-11-29T16:54:24,0A0E3261000061A4953E1EDF,sendDeliveryDataToDMS,0000000180743538
2021-11-29T16:54:25,0A0E3269CD5061A4953F2C8C,sendDeliveryDataToDMS,0000000180743541
2021-11-29T16:43:02,0A0E326B0B4061A492942527,sendDeliveryDataToDMS,0000000180739826
2021-11-29T15:53:53,0A0E32690D7061A486FF252D,sendDeliveryDataToDMS,0000000180737158
2021-11-29T15:53:40,0A0E12DD852061A486FE3FA3,sendDeliveryDataToDMS,0000000180737155
2021-11-29T15:07:20,0A0E326BC21061A47C1119D4,sendDeliveryDataToDMS,0000000180729896
2021-11-29T15:06:53,0A0E3261C44061A47C0B257C,sendDeliveryDataToDMS,0000000180729893
2021-11-29T14:26:22,0A0E3269807061A4728627A1,sendDeliveryDataToDMS,0000000180730342
2021-11-29T14:26:21,0A0E12DD4F1061A47286578D,sendDeliveryDataToDMS,0000000180730345
2021-11-29T11:55:13,0A0E3269852061A44F1B17B9,sendDeliveryDataToDMS,0000000180720285
2021-11-29T11:52:15,0A0E12DDCB2061A44E6B574B,sendDeliveryDataToDMS,0000000180719856
2021-11-29T11:49:34,0A0E32698E3061A44DCA25EC,sendDeliveryDataToDMS,0000000180720229
2021-11-29T11:49:22,0A0E3269415061A44DBF261D,sendDeliveryDataToDMS,0000000180718903
2021-11-29T11:49:21,0A0E12DD460061A44DBF4A18,sendDeliveryDataToDMS,0000000180718900
2021-11-29T11:07:44,0A0E12DD023061A443FC555B,sendDeliveryDataToDMS,0000000180713572
2021-11-29T10:25:19,0A0E326B000061A43A0D1770,sendDeliveryDataToDMS,0000000180709972
2021-11-29T10:25:18,0A0E3261483061A43A0D1E0F,sendDeliveryDataToDMS,0000000180709969
2021-11-29T10:20:52,0A0E326BCB2061A438FF1A2E,sendDeliveryDataToDMS,0000000180709886
2021-11-29T10:20:49,0A0E3261852061A438FE183B,sendDeliveryDataToDMS,0000000180709882
2021-11-29T09:55:18,0A0E12DD460061A433014942,sendDeliveryDataToDMS,0000000180708522
2021-11-29T09:55:17,0A0E3269CB2061A433001984,sendDeliveryDataToDMS,0000000180708517
2021-11-29T08:54:47,0A0E326B8E3061A424BF293A,sendDeliveryDataToDMS,0000000180699848
2021-11-29T08:54:23,0A0E3261C21061A424BD1ACA,sendDeliveryDataToDMS,0000000180699845
2021-11-29T07:47:18,0A0E12DD460061A41503487B,sendDeliveryDataToDMS,0000000180699532
2021-11-29T07:47:16,0A0E326BC44061A4150322DE,sendDeliveryDataToDMS,0000000180699529
2021-11-29T07:42:54,0A0E12DD023061A413FD5409,sendDeliveryDataToDMS,0000000180699504
2021-11-29T07:42:56,0A0E3269483061A413FD1B47,sendDeliveryDataToDMS,0000000180699507
2021-11-28T10:45:02,0A0E12DD483061A2ED2B4CC6,sendDeliveryDataToDMS,0000000180634814
2021-11-28T10:45:00,0A0E326B4A6061A2ED2B22B9,sendDeliveryDataToDMS,0000000180634811
2021-11-28T10:11:44,0A0E3269807061A2E53F2176,sendDeliveryDataToDMS,0000000180632614
2021-11-28T10:11:32,0A0E32610D7061A2E53F1F10,sendDeliveryDataToDMS,0000000180632611
2021-11-28T09:50:04,0A0E3269CB2061A2E04A16F6,sendDeliveryDataToDMS,0000000180632251
2021-11-28T09:50:03,0A0E3261807061A2E04A2240,sendDeliveryDataToDMS,0000000180632248
2021-11-28T08:28:45,0A0E3269CD5061A2CD3A2367,sendDeliveryDataToDMS,0000000180629241
2021-11-28T08:28:43,0A0E12DD8C0061A2CD3A4508,sendDeliveryDataToDMS,0000000180629238
2021-11-27T12:17:18,0A0E326BC67061A1B14B12B4,sendDeliveryDataToDMS,0000000180583292
2021-11-27T12:17:17,0A0E12DD8C0061A1B14A3F21,sendDeliveryDataToDMS,0000000180583289
2021-11-27T11:36:51,0A0E326B0B4061A1A7CE1B27,sendDeliveryDataToDMS,0000000180578387
2021-11-27T11:36:49,0A0E3269023061A1A7CD1325,sendDeliveryDataToDMS,0000000180578384
2021-11-27T10:01:10,0A0E326B8C0061A1916511D6,sendDeliveryDataToDMS,0000000180566052
2021-11-27T08:47:00,0A0E3261C44061A17C5D1CA0,sendDeliveryDataToDMS,0000000180553194
2021-11-27T08:44:39,0A0E12DD852061A174D72ACE,sendDeliveryDataToDMS,0000000180551754
2021-11-27T08:31:26,0A0E326B460061A17C5D134D,sendDeliveryDataToDMS,0000000180553191
2021-11-26T19:04:17,0A0E326BC44061A0BF2E17A4,sendDeliveryDataToDMS,0000000180495201
2021-11-26T19:04:15,0A0E12DD023061A0BF2E3D6C,sendDeliveryDataToDMS,0000000180495198
2021-11-26T16:41:22,0A0E32694F1061A09DB00FF0,sendDeliveryDataToDMS,0000000180477977
2021-11-26T16:41:21,0A0E12DD483061A09DAF3CBB,sendDeliveryDataToDMS,0000000180477974
2021-11-26T16:29:27,0A0E3269807061A09AE619C7,sendDeliveryDataToDMS,0000000180476097
2021-11-26T14:51:52,0A0E12DDCB2061A084073AEF,sendDeliveryDataToDMS,0000000180464413
2021-11-26T14:51:54,0A0E326B8E3061A084071BD3,sendDeliveryDataToDMS,0000000180464416
2021-11-26T14:42:28,0A0E12DD483061A081D13AF1,sendDeliveryDataToDMS,0000000180464092
2021-11-26T14:42:29,0A0E326B415061A081D118F1,sendDeliveryDataToDMS,0000000180464095
2021-11-26T11:33:05,0A0E326B415061A055701851,sendDeliveryDataToDMS,0000000180452085
2021-11-26T11:33:03,0A0E32614F1061A0556E035E,sendDeliveryDataToDMS,0000000180452082
2021-11-26T11:30:32,0A0E3261483061A054D413B2,sendDeliveryDataToDMS,0000000180452030
2021-11-26T11:19:24,0A0E326B852061A0523B11CE,sendDeliveryDataToDMS,0000000180450163
2021-11-26T11:19:22,0A0E32694A6061A05237193A,sendDeliveryDataToDMS,0000000180450160
2021-11-26T08:56:42,0A0E32698C0061A030C80F38,sendDeliveryDataToDMS,0000000180435908
2021-11-26T08:56:41,0A0E12DD091061A030C7391B,sendDeliveryDataToDMS,0000000180435905
2021-11-26T08:50:46,0A0E3261807061A02F5B18ED,sendDeliveryDataToDMS,0000000180438513
2021-11-25T16:56:34,0A0E326B0D70619F4FB8009E,sendDeliveryDataToDMS,0000000180384542
2021-11-25T16:56:24,0A0E32698750619F4FB714FB,sendDeliveryDataToDMS,0000000180384539
2021-11-25T15:11:21,0A0E32690D70619F371614A7,sendDeliveryDataToDMS,0000000180367353
2021-11-25T15:11:19,0A0E32614830619F37160FF5,sendDeliveryDataToDMS,0000000180367350
2021-11-25T14:35:36,0A0E3261CD50619F2EB3147D,sendDeliveryDataToDMS,0000000180364538
2021-11-25T14:35:34,0A0E3269CD50619F2EB215ED,sendDeliveryDataToDMS,0000000180364535
2021-11-25T14:34:20,0A0E12DD0000619F2E6A2AB4,sendDeliveryDataToDMS,0000000180365177
2021-11-25T14:25:19,0A0E3269C210619F2C4E0D11,sendDeliveryDataToDMS,0000000180365138
2021-11-25T14:25:13,0A0E3261C670619F2C480418,sendDeliveryDataToDMS,0000000180365134
2021-11-25T12:12:18,0A0E32694830619F0D1F0F04,sendDeliveryDataToDMS,0000000180358273
2021-11-25T12:12:16,0A0E32614150619F0D1F094B,sendDeliveryDataToDMS,0000000180358270
2021-11-25T10:47:31,0A0E326B0D70619EF9401200,sendDeliveryDataToDMS,0000000180348103
2021-11-25T10:47:30,0A0E32690D70619EF94013B3,sendDeliveryDataToDMS,0000000180348100
2021-11-25T10:46:55,0A0E12DD4F10619EF9182EE5,sendDeliveryDataToDMS,0000000180344017
2021-11-25T10:46:52,0A0E12DD4F10619EF9182EE3,sendDeliveryDataToDMS,0000000180344014
2021-11-25T10:00:58,0A0E32690D70619EEE571366,sendDeliveryDataToDMS,0000000180342162
2021-11-25T10:00:56,0A0E12DD0230619EEE572EBB,sendDeliveryDataToDMS,0000000180342156
2021-11-25T08:47:00,0A0E32610460619EDD020895,sendDeliveryDataToDMS,0000000180332972
2021-11-25T08:39:15,0A0E12DDCB20619EDB312D8D,sendDeliveryDataToDMS,0000000180334142
2021-11-25T08:39:16,0A0E326B8520619EDB320D2D,sendDeliveryDataToDMS,0000000180334145
2021-11-24T19:00:39,0A0E12DD4600619E1B5322A6,sendDeliveryDataToDMS,0000000180282535
2021-11-24T19:00:37,0A0E12DD8520619E1B520CE6,sendDeliveryDataToDMS,0000000180282532
2021-11-24T17:48:48,0A0E32618750619E0A7F0FCB,sendDeliveryDataToDMS,0000000180267926
2021-11-24T17:48:50,0A0E12DD8520619E0A7F0B8E,sendDeliveryDataToDMS,0000000180267929
2021-11-24T17:29:21,0A0E326B0D70619E05EE0F21,sendDeliveryDataToDMS,0000000180267641
2021-11-24T17:23:18,0A0E3269C670619E04660D46,sendDeliveryDataToDMS,0000000180267564
2021-11-24T17:22:46,0A0E12DDCB20619E0465268C,sendDeliveryDataToDMS,0000000180267561
2021-11-24T17:21:55,0A0E12DD4600619E042A2160,sendDeliveryDataToDMS,0000000180265983
2021-11-24T17:21:54,0A0E32694600619E042B0A19,sendDeliveryDataToDMS,0000000180265980
2021-11-24T16:54:30,0A0E3269CD50619DFDC410A7,sendDeliveryDataToDMS,0000000180265522
2021-11-24T16:27:53,0A0E32694F10619DF78509AB,sendDeliveryDataToDMS,0000000180260380
2021-11-24T15:09:26,0A0E12DD0230619DE518254D,sendDeliveryDataToDMS,0000000180256250
2021-11-24T15:09:13,0A0E326B0D70619DE5180EA2,sendDeliveryDataToDMS,0000000180256247
2021-11-24T14:44:11,0A0E326B4A60619DDF320ED6,sendDeliveryDataToDMS,0000000180250702
2021-11-24T14:40:03,0A0E326BCD50619DDE411096,sendDeliveryDataToDMS,0000000180251612
2021-11-24T14:40:01,0A0E3261CB20619DDE400339,sendDeliveryDataToDMS,0000000180251609
2021-11-24T13:08:14,0A0E32694F10619DC8AD0950,sendDeliveryDataToDMS,0000000180248160
2021-11-24T13:08:11,0A0E3261C670619DC8AD0EC5,sendDeliveryDataToDMS,0000000180248163
2021-11-24T12:55:34,0A0E32610B40619DC5A90919,sendDeliveryDataToDMS,0000000180245995
2021-11-24T12:55:16,0A0E326B8070619DC5A90F2C,sendDeliveryDataToDMS,0000000180245992
2021-11-24T11:54:36,0A0E326B8750619DB779069C,sendDeliveryDataToDMS,0000000180243430
2021-11-24T11:54:31,0A0E32690B40619DB7730E94,sendDeliveryDataToDMS,0000000180243427
2021-11-24T11:53:31,0A0E32698E30619DB73A0DED,sendDeliveryDataToDMS,0000000180243407
2021-11-24T11:53:27,0A0E12DD4830619DB73424C1,sendDeliveryDataToDMS,0000000180243404
2021-11-24T11:52:27,0A0E326B8750619DB6FB068C,sendDeliveryDataToDMS,0000000180243394
2021-11-24T11:52:23,0A0E32690230619DB6F5099D,sendDeliveryDataToDMS,0000000180243391
2021-11-24T11:51:08,0A0E32610000619DB6AA0B8E,sendDeliveryDataToDMS,0000000180243375
2021-11-24T11:51:02,0A0E32694A60619DB6A40F2C,sendDeliveryDataToDMS,0000000180243372
2021-11-24T11:47:03,0A0E32618E30619DB5B50F27,sendDeliveryDataToDMS,0000000180243287
2021-11-24T11:46:58,0A0E32698750619DB5AF0E9F,sendDeliveryDataToDMS,0000000180243282
2021-11-24T11:36:03,0A0E12DD8520619DB32108B8,sendDeliveryDataToDMS,0000000180242089
2021-11-24T11:36:01,0A0E12DD8520619DB32008B6,sendDeliveryDataToDMS,0000000180242086
2021-11-24T11:10:47,0A0E12DD0000619DAD231ECB,sendDeliveryDataToDMS,0000000180239153
2021-11-24T11:10:51,0A0E326B4F10619DAD240942,sendDeliveryDataToDMS,0000000180239156
2021-11-24T11:10:42,0A0E32618520619DAD1B0709,sendDeliveryDataToDMS,0000000180239139
2021-11-24T10:01:51,0A0E32698C00619D9D0A0A63,sendDeliveryDataToDMS,0000000180231594
2021-11-24T10:01:49,0A0E12DD4600619D9D091E8B,sendDeliveryDataToDMS,0000000180231591
2021-11-24T09:46:34,0A0E32690460619D9976055B,sendDeliveryDataToDMS,0000000180231253
2021-11-24T09:46:33,0A0E12DD8520619D997507CB,sendDeliveryDataToDMS,0000000180231250
2021-11-24T08:31:33,0A0E32698070619D87E20F02,sendDeliveryDataToDMS,0000000180221872
2021-11-23T17:30:43,0A0E32690000619CB4BF0743,sendDeliveryDataToDMS,0000000180160530
2021-11-23T17:30:40,0A0E3269C440619CB4BF0A67,sendDeliveryDataToDMS,0000000180160524
2021-11-23T17:11:29,0A0E3269CB20619CB03E05EF,sendDeliveryDataToDMS,0000000180154437
2021-11-23T17:11:27,0A0E12DD4830619CB03D1C62,sendDeliveryDataToDMS,0000000180154432
2021-11-23T16:44:48,0A0E32614F10619CA9FE07BE,sendDeliveryDataToDMS,0000000180149650
2021-11-23T16:44:47,0A0E326B8750619CA9FE0291,sendDeliveryDataToDMS,0000000180149647
2021-11-23T16:30:40,0A0E326B8070619CA6A70A37,sendDeliveryDataToDMS,0000000180152089
2021-11-23T16:30:38,0A0E32698750619CA6A60B04,sendDeliveryDataToDMS,0000000180152086
2021-11-23T15:22:46,0A0E12DD4830619C969F1ACE,sendDeliveryDataToDMS,0000000180143888
2021-11-23T15:22:08,0A0E326B8070619C96A00A1A,sendDeliveryDataToDMS,0000000180143885
2021-11-23T13:24:28,0A0E326BC440619C7B0A081F,sendDeliveryDataToDMS,0000000180133852
2021-11-23T13:24:27,0A0E32614600619C7B0A060E,sendDeliveryDataToDMS,0000000180133849
2021-11-23T13:03:14,0A0E32694F10619C760B064C,sendDeliveryDataToDMS,0000000180136123
2021-11-23T13:03:13,0A0E12DD0910619C760A1931,sendDeliveryDataToDMS,0000000180136120
2021-11-23T12:20:52,0A0E12DDCB20619C6C2318F9,sendDeliveryDataToDMS,0000000180132831
2021-11-23T12:20:47,0A0E12DD8520619C6C1D17A8,sendDeliveryDataToDMS,0000000180132828
2021-11-23T12:19:39,0A0E32694830619C6BDA06E5,sendDeliveryDataToDMS,0000000180132821
2021-11-23T12:19:34,0A0E32610000619C6BD50761,sendDeliveryDataToDMS,0000000180132816
2021-11-23T12:18:13,0A0E326B0D70619C6B8208A1,sendDeliveryDataToDMS,0000000180132806
2021-11-23T12:18:11,0A0E12DD0230619C6B82195A,sendDeliveryDataToDMS,0000000180132803
2021-11-23T11:33:52,0A0E32610910619C6115072C,sendDeliveryDataToDMS,0000000180133049
2021-11-23T11:33:49,0A0E32694F10619C6115060B,sendDeliveryDataToDMS,0000000180133046
2021-11-23T09:58:26,0A0E12DD0230619C4AC11872,sendDeliveryDataToDMS,0000000180122282
2021-11-23T08:42:46,0A0E3269C440619C3905086A,sendDeliveryDataToDMS,0000000180114552
2021-11-23T08:34:25,0A0E32694150619C370E08B9,sendDeliveryDataToDMS,0000000180113796
2021-11-23T08:34:23,0A0E32610230619C370E0644,sendDeliveryDataToDMS,0000000180113793
2021-11-23T08:28:40,0A0E32618750619C35B5098E,sendDeliveryDataToDMS,0000000180116334
2021-11-23T08:28:38,0A0E326B0910619C35B50537,sendDeliveryDataToDMS,0000000180116331
2021-11-22T23:13:23,0A0E12DD4F10619BB391148E,sendDeliveryDataToDMS,0000000180102196
2021-11-22T23:13:22,0A0E32694A60619BB39108BA,sendDeliveryDataToDMS,0000000180102193
2021-11-22T20:16:39,0A0E32698750619B8A250770,sendDeliveryDataToDMS,0000000180083907
2021-11-22T20:16:37,0A0E3261CD50619B8A2407B0,sendDeliveryDataToDMS,0000000180083904
2021-11-22T18:06:51,0A0E12DD4F10619B6BAE1033,sendDeliveryDataToDMS,0000000180064157
2021-11-22T18:06:40,0A0E3269C440619B6BAF0612,sendDeliveryDataToDMS,0000000180064154
2021-11-22T15:25:37,0A0E326B8C00619B45F0039E,sendDeliveryDataToDMS,0000000180041825
2021-11-22T15:25:38,0A0E32614A60619B45F00770,sendDeliveryDataToDMS,0000000180041828
2021-11-22T15:15:35,0A0E326B0000619B438603B1,sendDeliveryDataToDMS,0000000180041742
2021-11-22T15:15:20,0A0E12DD8C00619B43850D28,sendDeliveryDataToDMS,0000000180041739
2021-11-22T14:38:50,0A0E12DD4F10619B3AF90E07,sendDeliveryDataToDMS,0000000180038725
2021-11-22T14:38:48,0A0E326B8C00619B3AF5037D,sendDeliveryDataToDMS,0000000180038722
2021-11-22T14:35:17,0A0E326BCB20619B3A1403BD,sendDeliveryDataToDMS,0000000180038375
2021-11-22T14:35:01,0A0E12DD4F10619B3A140DF6,sendDeliveryDataToDMS,0000000180038371
2021-11-22T14:31:22,0A0E326B0B40619B39370547,sendDeliveryDataToDMS,0000000180035001
2021-11-22T14:31:20,0A0E12DD4830619B39370E28,sendDeliveryDataToDMS,0000000180034998
2021-11-22T14:25:40,0A0E32690230619B37E203DB,sendDeliveryDataToDMS,0000000180036171
2021-11-22T14:25:39,0A0E12DD4C90619B37E20002,sendDeliveryDataToDMS,0000000180036168
2021-11-22T13:18:43,0A0E326B4A60619B28250442,sendDeliveryDataToDMS,0000000180030831
2021-11-22T13:18:41,0A0E12DD4600619B28250A27,sendDeliveryDataToDMS,0000000180030828
2021-11-22T13:11:08,0A0E32694A60619B2664057C,sendDeliveryDataToDMS,0000000180032190
2021-11-22T13:11:07,0A0E12DD8520619B26640C63,sendDeliveryDataToDMS,0000000180032187
2021-11-22T13:10:14,0A0E3261CB20619B26240479,sendDeliveryDataToDMS,0000000180032170
2021-11-22T13:09:57,0A0E32690D70619B2624053B,sendDeliveryDataToDMS,0000000180032167
2021-11-22T12:16:11,0A0E32690230619B197E037C,sendDeliveryDataToDMS,0000000180028246
2021-11-22T12:14:12,0A0E32690230619B19080377,sendDeliveryDataToDMS,0000000180027807
2021-11-22T12:14:11,0A0E32610460619B190805C5,sendDeliveryDataToDMS,0000000180027804
2021-11-22T11:50:59,0A0E12DD0230619B13A00C8C,sendDeliveryDataToDMS,0000000180025354
2021-11-22T11:50:57,0A0E326BCD50619B139F0519,sendDeliveryDataToDMS,0000000180025351
2021-11-22T11:49:53,0A0E32614150619B135D0543,sendDeliveryDataToDMS,0000000180025314
2021-11-22T11:49:51,0A0E12DDC210619B135D0BF7,sendDeliveryDataToDMS,0000000180025317
2021-11-22T11:25:25,0A0E3269C670619B0D9E042C,sendDeliveryDataToDMS,0000000180022196
2021-11-22T11:25:19,0A0E3261CD50619B0D9E0525,sendDeliveryDataToDMS,0000000180022191
2021-11-22T11:18:27,0A0E12DD0230619B0C020C46,sendDeliveryDataToDMS,0000000180022087
2021-11-22T11:18:29,0A0E12DDC210619B0C020B9E,sendDeliveryDataToDMS,0000000180022092
2021-11-22T11:13:42,0A0E326BC440619B0AE003FD,sendDeliveryDataToDMS,0000000180016999
2021-11-22T11:13:41,0A0E12DDC210619B0AE00B91,sendDeliveryDataToDMS,0000000180016996
2021-11-22T10:58:11,0A0E32610460619B062A053F,sendDeliveryDataToDMS,0000000180016954
2021-11-22T10:58:09,0A0E326B4830619B062902B4,sendDeliveryDataToDMS,0000000180016951
2021-11-22T10:58:06,0A0E12DD0910619B041A0C46,sendDeliveryDataToDMS,0000000180016925
2021-11-22T10:58:05,0A0E12DD0910619B041A0C44,sendDeliveryDataToDMS,0000000180016922
2021-11-22T10:57:53,0A0E32610B40619B00F60428,sendDeliveryDataToDMS,0000000180016017
2021-11-22T10:57:54,0A0E12DD4F10619B00FB0C32,sendDeliveryDataToDMS,0000000180016022
2021-12-04T23:23:10,0A0E32618E3061AB87D93AC7,sendDeliveryDataToDMS,0000000181216109
2021-12-05T10:22:14,0A0E12DD852061AC22530752,sendDeliveryDataToDMS,0000000181227877
2021-12-05T10:22:13,0A0E326BC44061AC225413F7,sendDeliveryDataToDMS,0000000181227874
2021-12-05T10:59:16,0A0E326B483061AC2AF62CAE,sendDeliveryDataToDMS,0000000181231294
2021-12-05T10:59:15,0A0E12DD8C0061AC2AF681BE,sendDeliveryDataToDMS,0000000181231297
2021-12-05T10:58:22,0A0E326BC67061AC2AC834DD,sendDeliveryDataToDMS,0000000181231281
2021-12-05T10:58:21,0A0E32614A6061AC2AC81386,sendDeliveryDataToDMS,0000000181231278
2021-12-05T13:50:40,0A0E3269C21061AC530A0883,sendDeliveryDataToDMS,0000000181235467
2021-12-05T13:50:24,0A0E12DDCB2061AC530991C3,sendDeliveryDataToDMS,0000000181235464
2021-12-05T15:52:29,0A0E12DD000061AC6FBB7C14,sendDeliveryDataToDMS,0000000181241396
2021-12-05T17:19:33,0A0E326BC67061AC8421356E,sendDeliveryDataToDMS,0000000181245064
2021-12-05T17:19:31,0A0E12DDCB2061AC84209329,sendDeliveryDataToDMS,0000000181245061
2021-12-06T07:57:12,0A0E3261483061AD51D71133,sendDeliveryDataToDMS,0000000181271477
2021-12-06T07:57:17,0A0E12DD023061AD51D79537,sendDeliveryDataToDMS,0000000181271480
2021-12-06T08:42:03,0A0E326B4F1061AD5C592EEB,sendDeliveryDataToDMS,0000000181273826
2021-12-06T08:42:02,0A0E12DD852061AD5C580DE5,sendDeliveryDataToDMS,0000000181273823
2021-12-06T08:52:03,0A0E32618C0061AD5EB22957,sendDeliveryDataToDMS,0000000181277083
2021-12-06T08:52:05,0A0E12DD023061AD5EB2958E,sendDeliveryDataToDMS,0000000181277086
2021-12-06T09:02:54,0A0E326B000061AD61392AB5,sendDeliveryDataToDMS,0000000181275523
2021-12-06T09:02:53,0A0E3261CD5061AD61390F95,sendDeliveryDataToDMS,0000000181275520
2021-12-06T09:03:38,0A0E12DDC8A061AD61680009,sendDeliveryDataToDMS,0000000181276754
2021-12-06T09:22:38,0A0E3261023061AD65D71DBA,sendDeliveryDataToDMS,0000000181277598
2021-12-06T09:22:46,0A0E3269807061AD65D70F3E,sendDeliveryDataToDMS,0000000181277595
2021-12-06T09:42:24,0A0E326B0D7061AD6A62110F,sendDeliveryDataToDMS,0000000181280312
2021-12-06T09:41:59,0A0E32694F1061AD6A6006A2,sendDeliveryDataToDMS,0000000181280305
2021-12-06T10:58:14,0A0E3269023061AD7C3F2A20,sendDeliveryDataToDMS,0000000181286072
2021-12-06T10:58:12,0A0E12DD4C9061AD7C3F000F,sendDeliveryDataToDMS,0000000181286069
2021-12-06T11:45:13,0A0E12DD023061AD874796E7,sendDeliveryDataToDMS,0000000181289192
2021-12-06T11:45:14,0A0E3261807061AD87471665,sendDeliveryDataToDMS,0000000181289189
2021-12-06T12:17:50,0A0E12DD852061AD8EEA0FDD,sendDeliveryDataToDMS,0000000181293407
2021-12-06T12:17:52,0A0E32690D7061AD8EEA0B84,sendDeliveryDataToDMS,0000000181293410
2021-12-06T12:37:04,0A0E326B091061AD936D2DD5,sendDeliveryDataToDMS,0000000181292996
2021-12-06T13:15:07,0A0E32618E3061AD9C57006F,sendDeliveryDataToDMS,0000000181298169
2021-12-06T13:27:16,0A0E12DD023061AD9F309790,sendDeliveryDataToDMS,0000000181295649
2021-12-06T13:27:20,0A0E326B807061AD9F31466C,sendDeliveryDataToDMS,0000000181295646
2021-12-06T14:44:24,0A0E12DDCB2061ADB1429A4D,sendDeliveryDataToDMS,0000000181300386
2021-12-06T14:47:55,0A0E12DD460061ADB21882F6,sendDeliveryDataToDMS,0000000181301268
2021-12-06T14:47:53,0A0E3261C44061ADB21803F9,sendDeliveryDataToDMS,0000000181301265
2021-12-06T16:12:35,0A0E32690D7061ADC5A90007,sendDeliveryDataToDMS,0000000181309191
2021-12-06T16:12:11,0A0E32610D7061ADC5A90044,sendDeliveryDataToDMS,0000000181309188
2021-12-06T16:18:34,0A0E3269C67061ADC74D00A5,sendDeliveryDataToDMS,0000000181309283
2021-12-06T16:18:33,0A0E3261046061ADC74D0018,sendDeliveryDataToDMS,0000000181309280
2021-12-06T17:00:05,0A0E12DD4F1061ADD11096C8,sendDeliveryDataToDMS,0000000181311293
2021-12-06T17:00:03,0A0E3261460061ADD10F2B5C,sendDeliveryDataToDMS,0000000181311290
2021-12-06T17:46:24,0A0E12DDC21061ADDBC48D5C,sendDeliveryDataToDMS,0000000181316036
2021-12-06T17:46:02,0A0E12DD091061ADDBC49629,sendDeliveryDataToDMS,0000000181316033
2021-12-06T18:11:25,0A0E326B415061ADE1C60B0B,sendDeliveryDataToDMS,0000000181316599
2021-12-06T18:11:20,0A0E32690B4061ADE1C60CAA,sendDeliveryDataToDMS,0000000181316596
2021-12-06T18:11:53,0A0E3269875061ADE1E700F3,sendDeliveryDataToDMS,0000000181311900
2021-12-06T18:11:52,0A0E12DD460061ADE1E6849D,sendDeliveryDataToDMS,0000000181311897
2021-12-07T08:06:51,0A0E326BCD5061AEA59813E1,sendDeliveryDataToDMS,0000000181354947
2021-12-07T08:06:49,0A0E3261CD5061AEA59802F9,sendDeliveryDataToDMS,0000000181354944
2021-12-07T08:26:25,0A0E3269875061AEAA160284,sendDeliveryDataToDMS,0000000181357560
2021-12-07T10:25:12,0A0E3261000061AEC5F8336E,sendDeliveryDataToDMS,0000000181365370
2021-12-07T10:59:08,0A0E12DD091061AECDF89D47,sendDeliveryDataToDMS,0000000181368850
2021-12-07T12:42:13,0A0E326B4A6061AEE6224BE7,sendDeliveryDataToDMS,0000000181376567
2021-12-07T12:42:12,0A0E3269483061AEE6220D5C,sendDeliveryDataToDMS,0000000181376564
2021-12-07T13:08:12,0A0E326B852061AEEC393249,sendDeliveryDataToDMS,0000000181374007
2021-12-07T13:08:11,0A0E12DD483061AEEC389FDF,sendDeliveryDataToDMS,0000000181374004
2021-12-07T13:16:46,0A0E3269C44061AEEE352319,sendDeliveryDataToDMS,0000000181378030
2021-12-07T13:16:44,0A0E3261C21061AEEE342FC4,sendDeliveryDataToDMS,0000000181378027
2021-12-07T14:20:00,0A0E3269023061AEFD0E2D37,sendDeliveryDataToDMS,0000000181378896
2021-12-07T14:19:59,0A0E3261000061AEFD0D33DE,sendDeliveryDataToDMS,0000000181378893
2021-12-07T14:23:04,0A0E326B852061AEFDC6327E,sendDeliveryDataToDMS,0000000181378993
2021-12-07T14:23:03,0A0E12DD460061AEFDC58BD0,sendDeliveryDataToDMS,0000000181378990
2021-12-07T15:20:14,0A0E32690B4061AF0B2D0FEF,sendDeliveryDataToDMS,0000000181383397
2021-12-07T15:20:16,0A0E12DD4F1061AF0B2C9FD4,sendDeliveryDataToDMS,0000000181383400
2021-12-07T15:47:18,0A0E3261046061AF1184041A,sendDeliveryDataToDMS,0000000181385594
2021-12-07T15:47:20,0A0E12DD091061AF11849ED7,sendDeliveryDataToDMS,0000000181385597
2021-12-07T16:51:25,0A0E326BC44061AF20771C83,sendDeliveryDataToDMS,0000000181390048
2021-12-07T16:51:23,0A0E3269852061AF20762F2F,sendDeliveryDataToDMS,0000000181390045
2021-12-08T07:48:08,0A0E326B046061AFF2B6497B,sendDeliveryDataToDMS,0000000181426819
2021-12-08T07:48:07,0A0E3261CD5061AFF2B506E5,sendDeliveryDataToDMS,0000000181426816
2021-12-08T08:30:37,0A0E326B000061AFFCAA2FEF,sendDeliveryDataToDMS,0000000181435041
2021-12-08T09:26:18,0A0E32618C0061B009A5044A,sendDeliveryDataToDMS,0000000181434758
2021-12-08T09:26:29,0A0E3269091061B009A613BB,sendDeliveryDataToDMS,0000000181434761
2021-12-08T09:55:42,0A0E326BC21061B0109C3054,sendDeliveryDataToDMS,0000000181438411
2021-12-08T09:55:41,0A0E3269C44061B0109C2649,sendDeliveryDataToDMS,0000000181438408
2021-12-08T10:21:45,0A0E3261046061B016B70801,sendDeliveryDataToDMS,0000000181444406
2021-12-08T10:21:44,0A0E326BCD5061B016B61843,sendDeliveryDataToDMS,0000000181444403
2021-12-08T10:49:30,0A0E326B4F1061B01D383587,sendDeliveryDataToDMS,0000000181447891
2021-12-08T10:49:29,0A0E12DD8C0061B01D379812,sendDeliveryDataToDMS,0000000181447888
2021-12-08T11:21:04,0A0E326B4A6061B0249F503E,sendDeliveryDataToDMS,0000000181453226
2021-12-08T11:21:30,0A0E32618C0061B024A004B6,sendDeliveryDataToDMS,0000000181453229
2021-12-08T11:22:18,0A0E3269C44061B024C7269E,sendDeliveryDataToDMS,0000000181453241
2021-12-08T11:25:10,0A0E12DDCB2061B02593ACE1,sendDeliveryDataToDMS,0000000181452379
2021-12-08T11:25:08,0A0E12DD483061B02593A83E,sendDeliveryDataToDMS,0000000181452376
2021-12-08T11:57:03,0A0E12DD091061B02D09A5FF,sendDeliveryDataToDMS,0000000181455214
2021-12-08T11:57:20,0A0E326BC44061B02D0F1FBF,sendDeliveryDataToDMS,0000000181455220
2021-12-08T12:18:13,0A0E32610B4061B032023F4F,sendDeliveryDataToDMS,0000000181456128
2021-12-08T12:47:39,0A0E3269415061B038E4187E,sendDeliveryDataToDMS,0000000181459031
2021-12-08T12:50:07,0A0E326B046061B0397D4AA2,sendDeliveryDataToDMS,0000000181459057
2021-12-08T13:23:19,0A0E326B807061B041435088,sendDeliveryDataToDMS,0000000181460290
2021-12-08T13:23:20,0A0E32614A6061B041441FA9,sendDeliveryDataToDMS,0000000181460293
2021-12-08T13:51:57,0A0E32610B4061B047FC3F92,sendDeliveryDataToDMS,0000000181465477
2021-12-08T13:51:59,0A0E12DD483061B047FCA995,sendDeliveryDataToDMS,0000000181465480
2021-12-08T14:19:00,0A0E326B046061B04E514B33,sendDeliveryDataToDMS,0000000181472690
2021-12-08T14:18:58,0A0E32610B4061B04E513FCB,sendDeliveryDataToDMS,0000000181472687
2021-12-08T14:28:57,0A0E12DD023061B050A6AC7C,sendDeliveryDataToDMS,0000000181472792
2021-12-08T14:28:55,0A0E12DD023061B050A6AC7A,sendDeliveryDataToDMS,0000000181472789
2021-12-08T14:31:59,0A0E326B8E3061B0515E1381,sendDeliveryDataToDMS,0000000181471738
2021-12-08T14:41:21,0A0E3269000061B05379144A,sendDeliveryDataToDMS,0000000181472877
2021-12-08T15:04:48,0A0E326BC44061B0590F2093,sendDeliveryDataToDMS,0000000181475271
2021-12-08T15:31:19,0A0E32610B4061B05F353FF2,sendDeliveryDataToDMS,0000000181476355
2021-12-08T15:31:53,0A0E32694F1061B05F660C9D,sendDeliveryDataToDMS,0000000181476376
2021-12-08T15:31:20,0A0E12DD8C0061B05F359A30,sendDeliveryDataToDMS,0000000181476358
2021-12-08T15:32:08,0A0E326B875061B05F6714B1,sendDeliveryDataToDMS,0000000181476379
2021-12-08T15:48:05,0A0E3269C44061B063342775,sendDeliveryDataToDMS,0000000181475997
2021-12-08T15:47:43,0A0E3261CB2061B0631E10DA,sendDeliveryDataToDMS,0000000181476997
2021-12-08T15:47:45,0A0E12DD4F1061B0631FA971,sendDeliveryDataToDMS,0000000181477000
2021-12-08T16:23:43,0A0E12DD8C0061B06B7B9AAB,sendDeliveryDataToDMS,0000000181479973
2021-12-08T16:48:10,0A0E326B091061B0714234C4,sendDeliveryDataToDMS,0000000181480908
2021-12-08T16:48:09,0A0E3261415061B07142080C,sendDeliveryDataToDMS,0000000181480911
2021-12-08T16:55:05,0A0E326B875061B072E614ED,sendDeliveryDataToDMS,0000000181484059
2021-12-08T16:55:03,0A0E3269C67061B072E607F5,sendDeliveryDataToDMS,0000000181484056
2021-12-08T18:59:45,0A0E32698E3061B0901D0715,sendDeliveryDataToDMS,0000000181492008
2021-12-08T18:59:44,0A0E12DD483061B0901CABF1,sendDeliveryDataToDMS,0000000181492005
2021-12-09T08:39:47,0A0E3269807061B1504D1B06,sendDeliveryDataToDMS,0000000181529389
2021-12-09T08:54:55,0A0E326B4F1061B153DC3814,sendDeliveryDataToDMS,0000000181532085
2021-12-09T08:54:54,0A0E3261C21061B153DC338F,sendDeliveryDataToDMS,0000000181532082
2021-12-09T10:02:04,0A0E3269CB2061B1639905E6,sendDeliveryDataToDMS,0000000181534841
2021-12-09T10:02:02,0A0E326B4F1061B163993847,sendDeliveryDataToDMS,0000000181534845
2021-12-09T09:51:32,0A0E3261875061B1611C0A81,sendDeliveryDataToDMS,0000000181533023
2021-12-09T09:46:57,0A0E3261875061B15FE30A6B,sendDeliveryDataToDMS,0000000181530012
2021-12-09T09:03:32,0A0E326B4F1061B155E03825,sendDeliveryDataToDMS,0000000181530545
2021-12-09T09:03:31,0A0E12DD4F1061B155E0B005,sendDeliveryDataToDMS,0000000181530542
2021-12-09T10:11:28,0A0E32694A6061B165C71283,sendDeliveryDataToDMS,0000000181538058
2021-12-09T10:11:52,0A0E326B000061B165C7336B,sendDeliveryDataToDMS,0000000181538061
2021-12-09T11:11:46,0A0E326B8E3061B16FB216FD,sendDeliveryDataToDMS,0000000181541164
2021-12-09T11:11:45,0A0E3269000061B16D6B1600,sendDeliveryDataToDMS,0000000181540125
2021-12-09T11:11:43,0A0E326BC21061B16D07332D,sendDeliveryDataToDMS,0000000181540108
2021-12-09T11:11:31,0A0E12DD483061B16D06B193,sendDeliveryDataToDMS,0000000181540105
2021-12-09T11:12:09,0A0E3261046061B173100D13,sendDeliveryDataToDMS,0000000181538915
2021-12-09T11:12:08,0A0E12DD460061B173100101,sendDeliveryDataToDMS,0000000181538918
2021-12-09T12:32:09,0A0E326BC44061B1773223C9,sendDeliveryDataToDMS,0000000181542264
2021-12-09T12:30:52,0A0E3269CD5061B177311F7F,sendDeliveryDataToDMS,0000000181542261
2021-12-09T12:30:39,0A0E3269807061B176581B71,sendDeliveryDataToDMS,0000000181541739
2021-12-09T12:28:11,0A0E12DD8C0061B1765705D1,sendDeliveryDataToDMS,0000000181541736
2021-12-09T12:22:43,0A0E3261875061B1846E0AFA,sendDeliveryDataToDMS,0000000181547216
2021-12-09T12:22:37,0A0E12DDC21061B1846EA480,sendDeliveryDataToDMS,0000000181547219
2021-12-09T13:39:15,0A0E12DDCB2061B19680B890,sendDeliveryDataToDMS,0000000181545945
2021-12-09T13:39:20,0A0E3269046061B19681496B,sendDeliveryDataToDMS,0000000181545948
2021-12-09T14:04:42,0A0E326BCB2061B19C7139BF,sendDeliveryDataToDMS,0000000181550410
2021-12-09T14:04:41,0A0E3261875061B19C710B17,sendDeliveryDataToDMS,0000000181550407
2021-12-09T14:12:50,0A0E32614A6061B19E3723BE,sendDeliveryDataToDMS,0000000181549660
2021-12-09T14:13:12,0A0E3269875061B19E370AF4,sendDeliveryDataToDMS,0000000181549663
2021-12-09T14:33:55,0A0E326B852061B1A35138FD,sendDeliveryDataToDMS,0000000181556178
2021-12-09T14:33:54,0A0E32698E3061B1A3510A4F,sendDeliveryDataToDMS,0000000181556175
2021-12-09T14:34:54,0A0E32614F1061B1A38C2678,sendDeliveryDataToDMS,0000000181556188
2021-12-09T14:34:32,0A0E12DD483061B1A377B37E,sendDeliveryDataToDMS,0000000181554665
2021-12-09T14:35:34,0A0E32694A6061B1A3B41360,sendDeliveryDataToDMS,0000000181556198
2021-12-09T14:35:36,0A0E326B4A6061B1A3B455F3,sendDeliveryDataToDMS,0000000181556201
2021-12-09T14:35:13,0A0E12DDCB2061B1A39EB95C,sendDeliveryDataToDMS,0000000181556195
2021-12-09T14:35:11,0A0E326B0D7061B1A39E1E4A,sendDeliveryDataToDMS,0000000181556192
2021-12-09T14:36:10,0A0E326B852061B1A3D738FF,sendDeliveryDataToDMS,0000000181556208
2021-12-09T14:36:08,0A0E3269875061B1A3D70B3D,sendDeliveryDataToDMS,0000000181556205
2021-12-09T14:36:33,0A0E3269C21061B1A3F012C1,sendDeliveryDataToDMS,0000000181554676
2021-12-09T14:37:26,0A0E12DD000061B1A4069C44,sendDeliveryDataToDMS,0000000181556221
2021-12-09T14:37:05,0A0E12DDCB2061B1A3F0B95E,sendDeliveryDataToDMS,0000000181554679
2021-12-09T14:38:13,0A0E12DD483061B1A451B38E,sendDeliveryDataToDMS,0000000181556433
2021-12-09T14:38:12,0A0E3261CB2061B1A4361321,sendDeliveryDataToDMS,0000000181556277
2021-12-09T14:38:05,0A0E3269852061B1A41D345A,sendDeliveryDataToDMS,0000000181556225
2021-12-09T14:37:50,0A0E3261875061B1A4060B37,sendDeliveryDataToDMS,0000000181556218
2021-12-09T14:38:55,0A0E3261460061B1A47E324B,sendDeliveryDataToDMS,0000000181556437
2021-12-09T14:38:37,0A0E12DD45B061B1A469000E,sendDeliveryDataToDMS,0000000181554881
2021-12-09T14:39:30,0A0E3261000061B1A4A03932,sendDeliveryDataToDMS,0000000181554891
2021-12-09T14:39:29,0A0E326B415061B1A4A016A1,sendDeliveryDataToDMS,0000000181554888
2021-12-09T14:39:54,0A0E12DD45B061B1A4B80012,sendDeliveryDataToDMS,0000000181556457
2021-12-09T14:39:50,0A0E3261460061B1A4B5324D,sendDeliveryDataToDMS,0000000181556454
2021-12-09T14:40:46,0A0E3261CB2061B1A4EA1341,sendDeliveryDataToDMS,0000000181556753
2021-12-09T14:40:44,0A0E12DD483061B1A4EAB39C,sendDeliveryDataToDMS,0000000181556756
2021-12-09T14:40:19,0A0E12DD091061B1A4D0B174,sendDeliveryDataToDMS,0000000181556697
2021-12-09T14:41:14,0A0E12DDCB2061B1A507B96C,sendDeliveryDataToDMS,0000000181555898
2021-12-09T14:41:12,0A0E3261091061B1A507168D,sendDeliveryDataToDMS,0000000181555895
2021-12-09T14:41:53,0A0E12DD091061B1A528B182,sendDeliveryDataToDMS,0000000181558061
2021-12-09T14:43:13,0A0E326B8E3061B1A57C17A0,sendDeliveryDataToDMS,0000000181555914
2021-12-09T14:43:09,0A0E326B023061B1A55F3AEC,sendDeliveryDataToDMS,0000000181556763
2021-12-09T14:42:55,0A0E12DD091061B1A55EB187,sendDeliveryDataToDMS,0000000181556760
2021-12-09T14:42:46,0A0E32698C0061B1A543317A,sendDeliveryDataToDMS,0000000181555901
2021-12-09T14:42:53,0A0E3261875061B1A5440B3E,sendDeliveryDataToDMS,0000000181555904
2021-12-09T15:38:32,0A0E12DDC21061B1B274A604,sendDeliveryDataToDMS,0000000181558948
2021-12-09T16:10:05,0A0E3269CB2061B1B3BC06AB,sendDeliveryDataToDMS,0000000181560589
2021-12-09T16:10:03,0A0E12DD483061B1B3BCB3F1,sendDeliveryDataToDMS,0000000181560586
2021-12-09T16:10:23,0A0E326B8E3061B1B71A17C6,sendDeliveryDataToDMS,0000000181562112
2021-12-09T16:10:21,0A0E12DD023061B1B719B6EB,sendDeliveryDataToDMS,0000000181562109
2021-12-09T16:11:09,0A0E32690D7061B1B8B40B21,sendDeliveryDataToDMS,0000000181560698
2021-12-09T16:12:22,0A0E3261875061B1BA550B7C,sendDeliveryDataToDMS,0000000181559886
2021-12-09T16:12:10,0A0E3269807061B1BA541C6A,sendDeliveryDataToDMS,0000000181559883
2021-12-09T16:42:34,0A0E3269000061B1C16516CB,sendDeliveryDataToDMS,0000000181564191
2021-12-09T16:42:32,0A0E12DD460061B1C1640307,sendDeliveryDataToDMS,0000000181564188
2021-12-09T16:58:38,0A0E3269046061B1C5360047,sendDeliveryDataToDMS,0000000181564250
2021-12-09T16:58:37,0A0E12DD4F1061B1C535B3AF,sendDeliveryDataToDMS,0000000181564247
2021-12-10T07:17:19,0A0E3269483061B28E7B1443,sendDeliveryDataToDMS,0000000181601956
2021-12-10T08:18:01,0A0E326B0B4061B29CB70B53,sendDeliveryDataToDMS,0000000181607200
2021-12-11T08:22:56,0A0E12DDCB2061B3EF5EC96A,sendDeliveryDataToDMS,0000000181684657
2021-12-11T09:26:32,0A0E3269023061B3FE4538FA,sendDeliveryDataToDMS,0000000181688553
2021-12-11T09:34:50,0A0E3269046061B40034075F,sendDeliveryDataToDMS,0000000181688623
2021-12-11T09:54:25,0A0E12DD091061B404CFC030,sendDeliveryDataToDMS,0000000181690619
2021-12-14T09:29:54,0A0E3261C44061B7F3761CFF,sendDeliveryDataToDMS,0000000181866618
2021-12-14T10:27:29,0A0E3269046061B8010F115B,sendDeliveryDataToDMS,0000000181869706
2021-12-15T07:50:28,0A0E326B8E3061B92DC1012C,sendDeliveryDataToDMS,0000000181932791
2021-12-15T09:05:34,0A0E32698E3061B93F5208EB,sendDeliveryDataToDMS,0000000181935944
2021-12-15T15:23:08,0A0E12DD023061B997DAE92F,sendDeliveryDataToDMS,0000000181961117
2021-12-16T09:22:59,0A0E32698C0061BA94F14100,sendDeliveryDataToDMS,0000000182004954
2021-12-17T07:43:57,0A0E12DD483061BBCF3BF3A3,sendDeliveryDataToDMS,0000000182072045
2021-12-17T22:01:27,0A0E32618E3061BC97FB29DB,sendDeliveryDataToDMS,0000000182120227
2021-12-17T22:00:56,0A0E3269852061BC97FA4A4C,sendDeliveryDataToDMS,0000000182119472
2021-12-17T22:02:03,0A0E3261023061BC97FD3D12,sendDeliveryDataToDMS,0000000182120229
2021-12-17T22:02:33,0A0E326B0B4061BC97FF271E,sendDeliveryDataToDMS,0000000182117736
2021-12-17T22:03:06,0A0E12DD000061BC9801D6B5,sendDeliveryDataToDMS,0000000182118588
2021-12-17T22:03:38,0A0E326B0B4061BC9804271F,sendDeliveryDataToDMS,0000000182117737
2021-12-17T22:04:10,0A0E12DD852061BC98076DA8,sendDeliveryDataToDMS,0000000182118591
2021-12-17T22:04:43,0A0E12DD852061BC980A6DAA,sendDeliveryDataToDMS,0000000182118593
2021-12-17T22:05:21,0A0E326B852061BC980E4F1F,sendDeliveryDataToDMS,0000000182117738
2021-12-17T22:06:09,0A0E3261875061BC981129EC,sendDeliveryDataToDMS,0000000182120231
2021-12-17T22:06:41,0A0E326B000061BC98134878,sendDeliveryDataToDMS,0000000182117739
2021-12-17T22:07:14,0A0E12DDC21061BC9814228C,sendDeliveryDataToDMS,0000000182118610
2021-12-17T22:07:46,0A0E326B852061BC98184F20,sendDeliveryDataToDMS,0000000182117756
2021-12-17T22:08:20,0A0E12DD000061BC9819D6BC,sendDeliveryDataToDMS,0000000182118640
2021-12-17T22:08:52,0A0E3261875061BC981D29F3,sendDeliveryDataToDMS,0000000182120261
2021-12-17T22:09:25,0A0E326BC44061BC982042B3,sendDeliveryDataToDMS,0000000182117773
2021-12-17T22:09:57,0A0E12DD023061BC9823FA93,sendDeliveryDataToDMS,0000000182118672
2021-12-17T22:10:32,0A0E32690D7061BC982626D3,sendDeliveryDataToDMS,0000000182119515
2021-12-17T22:11:08,0A0E326B483061BC98295309,sendDeliveryDataToDMS,0000000182117787
2021-12-17T22:11:39,0A0E12DD852061BC982A6DB9,sendDeliveryDataToDMS,0000000182118674
2021-12-17T22:12:11,0A0E3261000061BC982D0500,sendDeliveryDataToDMS,0000000182120275
2021-12-17T22:12:43,0A0E12DD8C0061BC983245A0,sendDeliveryDataToDMS,0000000182118675
2021-12-17T22:13:14,0A0E32698E3061BC983401D2,sendDeliveryDataToDMS,0000000182119517
2021-12-17T22:13:49,0A0E326B875061BC98373860,sendDeliveryDataToDMS,0000000182117796
2021-12-17T22:14:22,0A0E12DD8C0061BC983945A2,sendDeliveryDataToDMS,0000000182118677
2021-12-17T22:14:55,0A0E3261875061BC983D29FB,sendDeliveryDataToDMS,0000000182120277
2021-12-17T22:15:27,0A0E12DD8C0061BC983F45A3,sendDeliveryDataToDMS,0000000182118678
2021-12-17T22:16:15,0A0E3269023061BC98414B18,sendDeliveryDataToDMS,0000000182119519
2021-12-17T22:16:48,0A0E3261875061BC984329FC,sendDeliveryDataToDMS,0000000182120278
2021-12-22T07:19:59,0A0E3261415061C2611A1008,sendDeliveryDataToDMS,0000000182428795
2021-12-22T07:24:27,0A0E326BCB2061C262145E78,sendDeliveryDataToDMS,0000000182431403
2021-12-22T11:28:05,0A0E326BC44061C29B41548C,sendDeliveryDataToDMS,0000000182459812
2021-12-22T14:30:14,0A0E3269875061C2C5F425F0,sendDeliveryDataToDMS,0000000182486634
2021-12-23T11:10:07,0A0E32614A6061C3E88A2867,sendDeliveryDataToDMS,0000000182548381
2021-12-24T20:27:07,0A0E12DD023061C5BC993A0D,sendDeliveryDataToDMS,0000000182672836
2021-12-27T07:49:19,0A0E3269875061C8FF7B041A,sendDeliveryDataToDMS,0000000182811452
2021-12-28T09:04:48,0A0E3269023061CA628F06F3,sendDeliveryDataToDMS,0000000182925472
2021-12-28T10:26:13,0A0E12DD852061CA75BD1CDC,sendDeliveryDataToDMS,0000000182930584
2021-12-28T10:26:18,0A0E12DD852061CA75BD1CDE,sendDeliveryDataToDMS,0000000182930586
2021-12-28T10:26:15,0A0E12DD852061CA75BD1CDD,sendDeliveryDataToDMS,0000000182930585
2021-12-29T08:47:18,0A0E12DD000061CBB0141EBA,sendDeliveryDataToDMS,0000000183027886
2021-12-29T09:18:21,0A0E326B807061CBB7400F92,sendDeliveryDataToDMS,0000000183028633
2021-12-29T21:38:53,0A0E326BC44061CC64EB03BD,sendDeliveryDataToDMS,0000000183103672
2021-12-30T16:05:51,0A0E32618E3061CD68590540,sendDeliveryDataToDMS,0000000183169817
2022-01-02T15:48:54,0A0E3269C67061D158A0220C,sendDeliveryDataToDMS,0000000183393728
2022-01-02T15:48:22,0A0E12DD000061D1589041D9,sendDeliveryDataToDMS,0000000183394601
2022-01-02T15:47:52,0A0E12DD82A061D158892F2F,sendDeliveryDataToDMS,0000000183394599
2022-01-02T15:25:51,0A0E326B0D7061D1535E0D38,sendDeliveryDataToDMS,0000000183395083
2022-01-02T14:55:17,0A0E3261483061D14C370DC0,sendDeliveryDataToDMS,0000000183392477
2022-01-02T14:29:42,0A0E3269807061D146381E0F,sendDeliveryDataToDMS,0000000183393172
2022-01-02T14:20:12,0A0E326B000061D143FB0E80,sendDeliveryDataToDMS,0000000183390583
2022-01-01T09:55:45,0A0E12DDC8A061CFB49F2674,sendDeliveryDataToDMS,0000000183320931
2021-12-31T18:14:04,0A0E3261C21061CED7EB0387,sendDeliveryDataToDMS,0000000183270426
2021-12-31T15:25:50,0A0E32698E3061CEB07B048F,sendDeliveryDataToDMS,0000000183259602
2021-12-31T14:26:04,0A0E32698C0061CEA2780E2D,sendDeliveryDataToDMS,0000000183259196
2021-12-31T10:08:29,0A0E32610B4061CE6619141C,sendDeliveryDataToDMS,0000000183240294
2021-12-31T07:12:39,0A0E326B0D7061CE3CE00459,sendDeliveryDataToDMS,0000000183226712
2022-01-03T17:02:14,0A0E326B046061D2BB6B0668,sendDeliveryDataToDMS,0000000183455990
2022-01-03T17:01:56,0A0E326B000061D2BB641026,sendDeliveryDataToDMS,0000000183455988
2022-01-03T17:01:39,0A0E3269C67061D2BB5D262F,sendDeliveryDataToDMS,0000000183459444
2022-01-03T17:02:27,0A0E12DD023061D2BB790D0E,sendDeliveryDataToDMS,0000000183458692
2022-01-03T17:04:48,0A0E326B4F1061D2BC271833,sendDeliveryDataToDMS,0000000183456018
2022-01-03T17:05:29,0A0E326BC67061D2BC53037F,sendDeliveryDataToDMS,0000000183456020
2022-01-03T17:06:09,0A0E3261415061D2BC7B1278,sendDeliveryDataToDMS,0000000183457940
2022-01-03T17:07:17,0A0E3261460061D2BCBC06D4,sendDeliveryDataToDMS,0000000183461179
2022-01-03T17:12:24,0A0E12DD091061D2BDF05376,sendDeliveryDataToDMS,0000000183462160
2022-01-03T17:13:43,0A0E32698E3061D2BE3F08E4,sendDeliveryDataToDMS,0000000183459966
2022-01-03T17:26:21,0A0E3269046061D2C1391808,sendDeliveryDataToDMS,0000000183463140
2022-01-03T17:32:38,0A0E32614A6061D2C2B21AC4,sendDeliveryDataToDMS,0000000183464095
2022-01-03T17:34:37,0A0E326BC67061D2C31B039E,sendDeliveryDataToDMS,0000000183460852
2022-01-03T18:04:24,0A0E3261CD5061D2CA2415BA,sendDeliveryDataToDMS,0000000183464941
2022-01-03T18:05:47,0A0E3269CD5061D2CA770051,sendDeliveryDataToDMS,0000000183467274
2022-01-03T18:07:03,0A0E12DD023061D2CAC30D94,sendDeliveryDataToDMS,0000000183465802
2022-01-03T19:01:54,0A0E326B8E3061D2D7A110BB,sendDeliveryDataToDMS,0000000183474078
2022-01-03T19:02:02,0A0E3261C67061D2D7A91361,sendDeliveryDataToDMS,0000000183473400
2022-01-03T19:02:12,0A0E32614F1061D2D7B3138F,sendDeliveryDataToDMS,0000000183473406
2022-01-03T19:21:51,0A0E12DD091061D2DC3E5528,sendDeliveryDataToDMS,0000000183475848
2022-01-03T19:35:43,0A0E12DD000061D2DF8E4A8D,sendDeliveryDataToDMS,0000000183479339
2022-01-03T19:35:59,0A0E32610B4061D2DF9E2190,sendDeliveryDataToDMS,0000000183477776
2022-01-03T19:38:30,0A0E3261875061D2E0352772,sendDeliveryDataToDMS,0000000183477783
2022-01-03T19:51:04,0A0E12DD000061D2E3284A99,sendDeliveryDataToDMS,0000000183479707
2022-01-03T19:55:21,0A0E12DD82A061D2E4283972,sendDeliveryDataToDMS,0000000183479719
2022-01-03T19:55:37,0A0E3261875061D2E4392781,sendDeliveryDataToDMS,0000000183481085
2022-01-03T19:55:52,0A0E326B875061D2E448147D,sendDeliveryDataToDMS,0000000183478651
2022-01-03T19:56:16,0A0E3261875061D2E4602782,sendDeliveryDataToDMS,0000000183481087
2022-01-03T19:56:06,0A0E12DD82A061D2E4553973,sendDeliveryDataToDMS,0000000183479721
2022-01-03T19:57:14,0A0E3261C44061D2E49925F2,sendDeliveryDataToDMS,0000000183481091
2022-01-03T19:57:07,0A0E32694A6061D2E49000ED,sendDeliveryDataToDMS,0000000183480217
2022-01-03T19:57:00,0A0E12DDC21061D2E48B55FB,sendDeliveryDataToDMS,0000000183479725
2022-01-03T19:56:45,0A0E326BC44061D2E47C1700,sendDeliveryDataToDMS,0000000183478653
2022-01-03T19:57:42,0A0E12DDC21061D2E4B555FC,sendDeliveryDataToDMS,0000000183479731
2022-01-03T19:57:23,0A0E3261C67061D2E4A2138D,sendDeliveryDataToDMS,0000000183481093
2022-01-03T19:57:34,0A0E12DD82A061D2E4AD3978,sendDeliveryDataToDMS,0000000183479729
2022-01-03T19:57:53,0A0E3261875061D2E4C12787,sendDeliveryDataToDMS,0000000183481095
2022-01-03T19:58:45,0A0E326BC67061D2E4E00479,sendDeliveryDataToDMS,0000000183478660
2022-01-03T19:58:46,0A0E12DD4F1061D2E4EA5691,sendDeliveryDataToDMS,0000000183479733
2022-01-03T19:58:15,0A0E326BC44061D2E4CA1703,sendDeliveryDataToDMS,0000000183478658
2022-01-03T19:58:44,0A0E32698E3061D2E4D509A6,sendDeliveryDataToDMS,0000000183480219
2022-01-03T20:11:45,0A0E12DD023061D2E7FD0F9C,sendDeliveryDataToDMS,0000000183479883
2022-01-03T20:16:44,0A0E12DD023061D2E92B0FAF,sendDeliveryDataToDMS,0000000183479943
2022-01-03T20:26:40,0A0E326B4A6061D2EB7F19EB,sendDeliveryDataToDMS,0000000183478820
2022-01-03T20:28:14,0A0E12DD4F1061D2EBDB56C7,sendDeliveryDataToDMS,0000000183480000
2022-01-03T21:28:32,0A0E12DD091061D2F9F255E6,sendDeliveryDataToDMS,0000000183482802
2022-01-03T21:17:58,0A0E12DD8C0061D2F780523D,sendDeliveryDataToDMS,0000000183482791
2022-01-03T21:17:45,0A0E3261CD5061D2F7771681,sendDeliveryDataToDMS,0000000183481640
2022-01-03T21:13:54,0A0E326B8E3061D2F6911192,sendDeliveryDataToDMS,0000000183483551
2022-01-03T21:05:54,0A0E3269C67061D2F4B126D1,sendDeliveryDataToDMS,0000000183480793
2022-01-03T20:51:21,0A0E3261C67061D2F14813B4,sendDeliveryDataToDMS,0000000183481253
2022-01-03T20:51:13,0A0E32694A6061D2F140013E,sendDeliveryDataToDMS,0000000183480500
2022-01-03T22:00:47,0A0E3261046061D3018E17F7,sendDeliveryDataToDMS,0000000183481846
2022-01-03T22:00:45,0A0E326B4A6061D3018B1A79,sendDeliveryDataToDMS,0000000183483915
2022-01-03T22:00:42,0A0E326BC67061D3018704EE,sendDeliveryDataToDMS,0000000183483913
2022-01-03T22:00:44,0A0E12DDC8A061D301893A67,sendDeliveryDataToDMS,0000000183485036
2022-01-03T22:00:43,0A0E326BC67061D3018804EF,sendDeliveryDataToDMS,0000000183483914
2022-01-03T22:00:41,0A0E3261046061D3018617F6,sendDeliveryDataToDMS,0000000183481845
2022-01-03T22:00:38,0A0E326B4A6061D301841A78,sendDeliveryDataToDMS,0000000183483912
2022-01-03T22:00:37,0A0E3261046061D3018217F5,sendDeliveryDataToDMS,0000000183481844
2022-01-03T22:00:39,0A0E12DD4C9061D301853050,sendDeliveryDataToDMS,0000000183485035
2022-01-03T22:00:35,0A0E3269046061D3017F18D1,sendDeliveryDataToDMS,0000000183484039
2022-01-03T22:00:36,0A0E326BC67061D3018104ED,sendDeliveryDataToDMS,0000000183483911
2022-01-03T22:00:34,0A0E32610B4061D3017E21E5,sendDeliveryDataToDMS,0000000183481843
2022-01-03T22:00:33,0A0E326B0B4061D3017D12E3,sendDeliveryDataToDMS,0000000183483910
2022-01-03T22:00:32,0A0E3269CB2061D3017B0B87,sendDeliveryDataToDMS,0000000183484036
2022-01-03T22:00:31,0A0E12DD000061D3017A4B1F,sendDeliveryDataToDMS,0000000183485030
2022-01-03T22:00:57,0A0E12DD000061D3018F4B22,sendDeliveryDataToDMS,0000000183485037
2022-01-03T22:00:46,0A0E3269CB2061D3018C0B88,sendDeliveryDataToDMS,0000000183484040
2022-01-03T22:01:02,0A0E326B4A6061D301971A7B,sendDeliveryDataToDMS,0000000183483917
2022-01-03T22:01:01,0A0E12DD091061D30195560A,sendDeliveryDataToDMS,0000000183485038
2022-01-03T22:01:00,0A0E32698E3061D3019409DD,sendDeliveryDataToDMS,0000000183484042
2022-01-03T22:00:59,0A0E32698E3061D3019209DC,sendDeliveryDataToDMS,0000000183484041
2022-01-03T22:00:58,0A0E326B4A6061D301901A7A,sendDeliveryDataToDMS,0000000183483916
2022-01-03T22:01:07,0A0E3269460061D3019D0393,sendDeliveryDataToDMS,0000000183484043
2022-01-03T22:01:05,0A0E32610B4061D3019A21E6,sendDeliveryDataToDMS,0000000183481847
2022-01-03T22:01:06,0A0E12DD82A061D3019C3A3D,sendDeliveryDataToDMS,0000000183485041
2022-01-03T22:01:03,0A0E12DD483061D301980000,sendDeliveryDataToDMS,0000000183485039
2022-01-03T22:01:04,0A0E12DDC21061D301985696,sendDeliveryDataToDMS,0000000183485040
2022-01-03T22:01:11,0A0E326B4A6061D301A41A7D,sendDeliveryDataToDMS,0000000183483919
2022-01-03T22:01:13,0A0E12DD460061D301A650B5,sendDeliveryDataToDMS,0000000183485044
2022-01-03T22:01:12,0A0E12DD460061D301A550B4,sendDeliveryDataToDMS,0000000183485043
2022-01-03T22:01:09,0A0E12DD483061D301A10001,sendDeliveryDataToDMS,0000000183485042
2022-01-03T22:01:10,0A0E3269460061D301A20394,sendDeliveryDataToDMS,0000000183484045
2022-01-03T22:01:08,0A0E326B4A6061D3019F1A7C,sendDeliveryDataToDMS,0000000183483918
2022-01-03T22:01:16,0A0E326B000061D301AA1114,sendDeliveryDataToDMS,0000000183483922
2022-01-03T22:01:14,0A0E12DD483061D301A70002,sendDeliveryDataToDMS,0000000183485045
2022-01-03T22:01:15,0A0E3269875061D301A8072D,sendDeliveryDataToDMS,0000000183484047
2022-01-03T22:01:22,0A0E3261CD5061D301AD0007,sendDeliveryDataToDMS,0000000183481848
2022-01-03T22:01:17,0A0E12DDC21061D301AB5697,sendDeliveryDataToDMS,0000000183485048
2022-01-03T22:01:27,0A0E32610B4061D301B621E8,sendDeliveryDataToDMS,0000000183481852
2022-01-03T22:01:23,0A0E12DD483061D301AF0005,sendDeliveryDataToDMS,0000000183485049
2022-01-03T22:01:26,0A0E3261C44061D301B5262E,sendDeliveryDataToDMS,0000000183481850
2022-01-03T22:01:25,0A0E326B0B4061D301B312E4,sendDeliveryDataToDMS,0000000183483923
2022-01-03T22:01:24,0A0E12DDC21061D301B25698,sendDeliveryDataToDMS,0000000183485050
2022-01-03T22:01:39,0A0E3269C67061D301C126E2,sendDeliveryDataToDMS,0000000183484049
2022-01-03T22:01:38,0A0E3269875061D301C0072E,sendDeliveryDataToDMS,0000000183484048
2022-01-03T22:01:37,0A0E326B046061D301BE085E,sendDeliveryDataToDMS,0000000183483925
2022-01-03T22:01:35,0A0E12DD460061D301BB50B6,sendDeliveryDataToDMS,0000000183485052
2022-01-03T22:01:36,0A0E326B0D7061D301BC1120,sendDeliveryDataToDMS,0000000183483924
2022-01-03T22:01:44,0A0E3269023061D301C70BFB,sendDeliveryDataToDMS,0000000183484054
2022-01-03T22:01:43,0A0E12DD483061D301C50006,sendDeliveryDataToDMS,0000000183485054
2022-01-03T22:01:41,0A0E12DD82A061D301C33A3F,sendDeliveryDataToDMS,0000000183485053
2022-01-03T22:01:40,0A0E3269875061D301C2072F,sendDeliveryDataToDMS,0000000183484050
2022-01-03T22:01:49,0A0E12DD460061D301CD50BE,sendDeliveryDataToDMS,0000000183485103
2022-01-03T22:01:47,0A0E12DD4C9061D301CA305B,sendDeliveryDataToDMS,0000000183485082
2022-01-03T22:01:48,0A0E326B046061D301CB0863,sendDeliveryDataToDMS,0000000183483948
2022-01-03T22:01:34,0A0E12DD82A061D301B83A3E,sendDeliveryDataToDMS,0000000183485051
2022-01-03T22:01:45,0A0E12DD460061D301C850B7,sendDeliveryDataToDMS,0000000183485074
2022-01-03T22:01:42,0A0E3269000061D301C40F3A,sendDeliveryDataToDMS,0000000183484051
2022-01-03T22:01:54,0A0E3269415061D301D11598,sendDeliveryDataToDMS,0000000183484104
2022-01-03T22:01:53,0A0E32694F1061D301D00A50,sendDeliveryDataToDMS,0000000183484097
2022-01-03T22:01:57,0A0E32690B4061D301D414EF,sendDeliveryDataToDMS,0000000183484124
2022-01-03T22:01:56,0A0E32694A6061D301D30165,sendDeliveryDataToDMS,0000000183484117
2022-01-03T22:02:05,0A0E326B807061D301DD1341,sendDeliveryDataToDMS,0000000183484023
2022-01-03T22:02:04,0A0E326B807061D301DA1340,sendDeliveryDataToDMS,0000000183484014
2022-01-03T22:02:02,0A0E12DD483061D301D6000D,sendDeliveryDataToDMS,0000000183485175
2022-01-03T22:02:03,0A0E326B4A6061D301D81A94,sendDeliveryDataToDMS,0000000183484011
2022-01-03T22:01:51,0A0E12DD091061D301CE560D,sendDeliveryDataToDMS,0000000183485116
2022-01-03T22:02:15,0A0E12DD483061D301E50012,sendDeliveryDataToDMS,0000000183485204
2022-01-03T22:02:17,0A0E3269415061D301E815A2,sendDeliveryDataToDMS,0000000183484154
2022-01-03T22:02:16,0A0E326B415061D301E624CF,sendDeliveryDataToDMS,0000000183484024
2022-01-03T22:02:13,0A0E3269415061D301E115A1,sendDeliveryDataToDMS,0000000183484153
2022-01-03T22:02:14,0A0E12DD4C9061D301E3306E,sendDeliveryDataToDMS,0000000183485203
2022-01-03T22:02:12,0A0E12DDC21061D301E0569B,sendDeliveryDataToDMS,0000000183485202
2022-01-03T22:02:11,0A0E3269852061D301DE00C4,sendDeliveryDataToDMS,0000000183484151
2022-01-03T22:02:24,0A0E3261023061D301EB10E3,sendDeliveryDataToDMS,0000000183481956
2022-01-03T22:02:29,0A0E326B046061D301F40868,sendDeliveryDataToDMS,0000000183486060
2022-01-03T22:02:28,0A0E3261023061D301F210EC,sendDeliveryDataToDMS,0000000183481979
2022-01-03T22:02:30,0A0E12DD023061D301F5103B,sendDeliveryDataToDMS,0000000183485292
2022-01-03T22:02:27,0A0E3269C67061D301F026EF,sendDeliveryDataToDMS,0000000183484170
2022-01-03T22:02:25,0A0E326B0B4061D301EC12FD,sendDeliveryDataToDMS,0000000183484025
2022-01-03T22:02:26,0A0E12DDC21061D301ED56A2,sendDeliveryDataToDMS,0000000183485240
2022-01-03T22:02:35,0A0E3261852061D301FB1137,sendDeliveryDataToDMS,0000000183482013
2022-01-03T22:02:37,0A0E326B8E3061D301FC11EC,sendDeliveryDataToDMS,0000000183486103
2022-01-03T22:02:33,0A0E32690B4061D301F91500,sendDeliveryDataToDMS,0000000183484222
2022-01-03T22:02:32,0A0E12DD483061D301F70023,sendDeliveryDataToDMS,0000000183485307
2022-01-03T22:02:52,0A0E3269000061D301FF0F43,sendDeliveryDataToDMS,0000000183484262
2022-01-03T22:02:58,0A0E32618C0061D3020000EB,sendDeliveryDataToDMS,0000000183487039
2022-01-03T22:02:40,0A0E12DD4C9061D301FD3077,sendDeliveryDataToDMS,0000000183485349
2022-01-03T22:03:01,0A0E12DD000061D302024B35,sendDeliveryDataToDMS,0000000183485369
2022-01-03T22:03:10,0A0E12DD82A061D302043A57,sendDeliveryDataToDMS,0000000183485370
2022-01-03T22:03:02,0A0E326B8C0061D3020213CD,sendDeliveryDataToDMS,0000000183486120
2022-01-03T22:03:54,0A0E32694A6061D30227017D,sendDeliveryDataToDMS,0000000183484281
2022-01-03T22:03:52,0A0E326B460061D3022317DF,sendDeliveryDataToDMS,0000000183486125
2022-01-03T22:03:51,0A0E3261023061D3022210F6,sendDeliveryDataToDMS,0000000183487044
2022-01-03T22:03:50,0A0E32694F1061D302200A65,sendDeliveryDataToDMS,0000000183484279
2022-01-03T22:03:48,0A0E12DD000061D3021D4B37,sendDeliveryDataToDMS,0000000183485375
2022-01-03T22:03:49,0A0E12DD82A061D3021E3A58,sendDeliveryDataToDMS,0000000183485376
2022-01-03T22:03:47,0A0E326B8C0061D3021B13CF,sendDeliveryDataToDMS,0000000183486124
2022-01-03T22:03:46,0A0E3269000061D302190F4B,sendDeliveryDataToDMS,0000000183484276
2022-01-03T22:03:45,0A0E3261023061D3021910F5,sendDeliveryDataToDMS,0000000183487043
2022-01-03T22:03:44,0A0E12DD000061D302164B36,sendDeliveryDataToDMS,0000000183485374
2022-01-03T22:03:42,0A0E3261023061D3021410F4,sendDeliveryDataToDMS,0000000183487042
2022-01-03T22:03:43,0A0E326B852061D3021513F8,sendDeliveryDataToDMS,0000000183486123
2022-01-03T22:03:40,0A0E12DD091061D302115635,sendDeliveryDataToDMS,0000000183485373
2022-01-03T22:03:41,0A0E3269875061D302120744,sendDeliveryDataToDMS,0000000183484275
2022-01-03T22:03:39,0A0E12DD091061D302105634,sendDeliveryDataToDMS,0000000183485372
2022-01-03T22:03:38,0A0E326B852061D3020F13F7,sendDeliveryDataToDMS,0000000183486122
2022-01-03T22:03:37,0A0E3261023061D3020E10F3,sendDeliveryDataToDMS,0000000183487041
2022-01-03T22:03:35,0A0E12DD091061D3020B5633,sendDeliveryDataToDMS,0000000183485371
2022-01-03T22:03:36,0A0E3269000061D3020C0F4A,sendDeliveryDataToDMS,0000000183484274
2022-01-03T22:03:34,0A0E326B8C0061D3020A13CE,sendDeliveryDataToDMS,0000000183486121
2022-01-03T22:03:30,0A0E3261875061D3020827C8,sendDeliveryDataToDMS,0000000183487040
2022-01-03T22:03:22,0A0E3269875061D302070743,sendDeliveryDataToDMS,0000000183484273
2022-01-03T22:04:01,0A0E326B852061D3023213F9,sendDeliveryDataToDMS,0000000183486127
2022-01-03T22:03:57,0A0E12DD000061D3022B4B38,sendDeliveryDataToDMS,0000000183485378
2022-01-03T22:04:00,0A0E3261000061D302310D89,sendDeliveryDataToDMS,0000000183487046
2022-01-03T22:03:56,0A0E326B460061D3022A17E0,sendDeliveryDataToDMS,0000000183486126
2022-01-03T22:03:59,0A0E3269875061D3022F0745,sendDeliveryDataToDMS,0000000183484282
2022-01-03T22:03:58,0A0E12DDC8A061D3022D3A70,sendDeliveryDataToDMS,0000000183485379
2022-01-03T22:03:53,0A0E12DD091061D302245636,sendDeliveryDataToDMS,0000000183485377
2022-01-03T22:03:55,0A0E3261000061D302290D88,sendDeliveryDataToDMS,0000000183487045
2022-01-03T22:04:06,0A0E12DDC8A061D302383A72,sendDeliveryDataToDMS,0000000183485381
2022-01-03T22:04:04,0A0E3261875061D3023527C9,sendDeliveryDataToDMS,0000000183487047
2022-01-03T22:04:03,0A0E3269C67061D3023426F8,sendDeliveryDataToDMS,0000000183484283
2022-01-03T22:04:02,0A0E12DDC8A061D302333A71,sendDeliveryDataToDMS,0000000183485380
2022-01-03T22:04:07,0A0E12DD000061D302394B39,sendDeliveryDataToDMS,0000000183485382
2022-01-03T22:04:08,0A0E3269875061D3023B0746,sendDeliveryDataToDMS,0000000183484284
2022-01-03T22:04:12,0A0E326B000061D3023F1119,sendDeliveryDataToDMS,0000000183486129
2022-01-03T22:04:14,0A0E32694F1061D302430A67,sendDeliveryDataToDMS,0000000183484285
2022-01-03T22:04:05,0A0E326B852061D3023713FA,sendDeliveryDataToDMS,0000000183486128
2022-01-03T22:04:22,0A0E12DDC21061D3024C56A9,sendDeliveryDataToDMS,0000000183485386
2022-01-03T22:04:18,0A0E12DD82A061D302493A5B,sendDeliveryDataToDMS,0000000183485385
2022-01-03T22:04:15,0A0E3261023061D3024410F7,sendDeliveryDataToDMS,0000000183487049
2022-01-03T22:04:20,0A0E3261023061D3024B10F8,sendDeliveryDataToDMS,0000000183487050
2022-01-03T22:04:13,0A0E12DD82A061D302413A59,sendDeliveryDataToDMS,0000000183485383
2022-01-03T22:04:09,0A0E3261875061D3023D27CA,sendDeliveryDataToDMS,0000000183487048
2022-01-03T22:04:27,0A0E12DDC8A061D302503A73,sendDeliveryDataToDMS,0000000183485388
2022-01-03T22:04:28,0A0E3269CD5061D302510126,sendDeliveryDataToDMS,0000000183484288
2022-01-03T22:04:23,0A0E3269415061D3024D15AE,sendDeliveryDataToDMS,0000000183484287
2022-01-03T22:04:21,0A0E326B000061D3024B111A,sendDeliveryDataToDMS,0000000183486131
2022-01-03T22:04:24,0A0E3261000061D3024E0D8C,sendDeliveryDataToDMS,0000000183487053
2022-01-03T22:04:19,0A0E3269C67061D3024A26F9,sendDeliveryDataToDMS,0000000183484286
2022-01-03T22:04:17,0A0E12DD82A061D302483A5A,sendDeliveryDataToDMS,0000000183485384
2022-01-03T22:04:31,0A0E3261CB2061D302541088,sendDeliveryDataToDMS,0000000183487054
2022-01-03T22:04:16,0A0E326B460061D3024617E1,sendDeliveryDataToDMS,0000000183486130
2022-01-03T22:04:25,0A0E326B000061D3024E111B,sendDeliveryDataToDMS,0000000183486132
2022-01-03T22:04:26,0A0E12DD000061D3024F4B3A,sendDeliveryDataToDMS,0000000183485387
2022-01-03T22:04:35,0A0E3261875061D3025A27CB,sendDeliveryDataToDMS,0000000183487055
2022-01-03T22:04:33,0A0E12DDC8A061D302573A74,sendDeliveryDataToDMS,0000000183485389
2022-01-03T22:04:36,0A0E326B000061D3025B111D,sendDeliveryDataToDMS,0000000183486134
2022-01-03T22:04:32,0A0E326B000061D30255111C,sendDeliveryDataToDMS,0000000183486133
2022-01-03T22:04:34,0A0E3269C67061D3025826FA,sendDeliveryDataToDMS,0000000183484289
2022-01-03T22:04:43,0A0E3261000061D302670D8D,sendDeliveryDataToDMS,0000000183487057
2022-01-03T22:04:40,0A0E3261CB2061D302611089,sendDeliveryDataToDMS,0000000183487056
2022-01-03T22:04:42,0A0E12DDC8A061D302643A77,sendDeliveryDataToDMS,0000000183485392
2022-01-03T22:04:41,0A0E326B000061D30261111E,sendDeliveryDataToDMS,0000000183486135
2022-01-03T22:04:38,0A0E12DDC8A061D3025F3A76,sendDeliveryDataToDMS,0000000183485391
2022-01-03T22:04:39,0A0E32694A6061D30260017E,sendDeliveryDataToDMS,0000000183484290
2022-01-03T22:04:37,0A0E12DDC8A061D3025D3A75,sendDeliveryDataToDMS,0000000183485390
2022-01-03T22:04:52,0A0E3261023061D3027110F9,sendDeliveryDataToDMS,0000000183487059
2022-01-03T22:04:50,0A0E12DDC8A061D3026F3A78,sendDeliveryDataToDMS,0000000183485395
2022-01-03T22:04:49,0A0E326B000061D3026E1120,sendDeliveryDataToDMS,0000000183486137
2022-01-03T22:04:47,0A0E32698C0061D3026B16D4,sendDeliveryDataToDMS,0000000183484292
2022-01-03T22:04:49,0A0E3261875061D3026C27CC,sendDeliveryDataToDMS,0000000183487058
2022-01-03T22:04:46,0A0E12DD000061D302694B3B,sendDeliveryDataToDMS,0000000183485393
2022-01-03T22:04:46,0A0E12DD000061D3026A4B3C,sendDeliveryDataToDMS,0000000183485394
2022-01-03T22:04:45,0A0E326B000061D30268111F,sendDeliveryDataToDMS,0000000183486136
2022-01-03T22:04:43,0A0E3269415061D3026615AF,sendDeliveryDataToDMS,0000000183484291
2022-01-03T22:05:05,0A0E3269875061D302850747,sendDeliveryDataToDMS,0000000183484296
2022-01-03T22:05:04,0A0E12DDC8A061D302833A7A,sendDeliveryDataToDMS,0000000183485400
2022-01-03T22:05:00,0A0E3269415061D3027E15B0,sendDeliveryDataToDMS,0000000183484295
2022-01-03T22:05:03,0A0E12DDC8A061D302813A79,sendDeliveryDataToDMS,0000000183485399
2022-01-03T22:05:02,0A0E326B000061D302801123,sendDeliveryDataToDMS,0000000183486140
2022-01-03T22:05:01,0A0E3261091061D3027F0EA8,sendDeliveryDataToDMS,0000000183487061
2022-01-03T22:04:59,0A0E12DDC21061D3027C56AA,sendDeliveryDataToDMS,0000000183485398
2022-01-03T22:04:57,0A0E3261CB2061D30279108A,sendDeliveryDataToDMS,0000000183487060
2022-01-03T22:04:55,0A0E12DD8C0061D302755263,sendDeliveryDataToDMS,0000000183485397
2022-01-03T22:04:58,0A0E326B000061D3027A1122,sendDeliveryDataToDMS,0000000183486139
2022-01-03T22:04:56,0A0E3269023061D302770C0A,sendDeliveryDataToDMS,0000000183484294
2022-01-03T22:04:54,0A0E12DD8C0061D302745262,sendDeliveryDataToDMS,0000000183485396
2022-01-03T22:04:53,0A0E326B000061D302731121,sendDeliveryDataToDMS,0000000183486138
2022-01-03T22:04:51,0A0E32694A6061D30270017F,sendDeliveryDataToDMS,0000000183484293
2022-01-03T22:05:11,0A0E326B000061D3028E1125,sendDeliveryDataToDMS,0000000183486142
2022-01-03T22:05:10,0A0E3261023061D3028C10FA,sendDeliveryDataToDMS,0000000183487063
2022-01-03T22:05:08,0A0E12DDC8A061D3028A3A7B,sendDeliveryDataToDMS,0000000183485401
2022-01-03T22:05:09,0A0E3269023061D3028B0C0B,sendDeliveryDataToDMS,0000000183484297
2022-01-03T22:05:07,0A0E326B000061D302891124,sendDeliveryDataToDMS,0000000183486141
2022-01-03T22:05:06,0A0E3261000061D302870D8E,sendDeliveryDataToDMS,0000000183487062
2022-01-03T22:05:23,0A0E12DD000061D3029A4B3D,sendDeliveryDataToDMS,0000000183485406
2022-01-03T22:05:24,0A0E32698C0061D3029D16D5,sendDeliveryDataToDMS,0000000183484300
2022-01-03T22:05:22,0A0E326B000061D302981126,sendDeliveryDataToDMS,0000000183486143
2022-01-03T22:05:20,0A0E3269000061D302930F4D,sendDeliveryDataToDMS,0000000183484299
2022-01-03T22:05:21,0A0E3261023061D3029610FF,sendDeliveryDataToDMS,0000000183487067
2022-01-03T22:05:19,0A0E12DD82A061D302913A5C,sendDeliveryDataToDMS,0000000183485405
2022-01-03T22:05:12,0A0E12DDC8A061D3028F3A7C,sendDeliveryDataToDMS,0000000183485404
2022-01-03T22:05:30,0A0E326B000061D302A61127,sendDeliveryDataToDMS,0000000183486145
2022-01-03T22:05:28,0A0E12DDC21061D302A356AB,sendDeliveryDataToDMS,0000000183485408
2022-01-03T22:05:27,0A0E12DD000061D302A14B3E,sendDeliveryDataToDMS,0000000183485407
2022-01-03T22:05:26,0A0E326B8C0061D302A013D0,sendDeliveryDataToDMS,0000000183486144
2022-01-03T22:05:25,0A0E3261CB2061D3029F108C,sendDeliveryDataToDMS,0000000183487068
2022-01-03T22:05:29,0A0E32690B4061D302A41501,sendDeliveryDataToDMS,0000000183484301
2022-01-03T22:07:04,0A0E12DDC8A061D303073A7D,sendDeliveryDataToDMS,0000000183485412
2022-01-03T22:07:13,0A0E3269CD5061D303100128,sendDeliveryDataToDMS,0000000183484305
2022-01-03T23:30:22,0A0E12DD023061D3168B112F,sendDeliveryDataToDMS,0000000183492847
2022-01-03T23:30:23,0A0E12DD023061D3168D1130,sendDeliveryDataToDMS,0000000183492848
2022-01-04T07:12:04,0A0E32614F1061D382C3146F,sendDeliveryDataToDMS,0000000183499741
2022-01-04T07:11:47,0A0E3261C21061D382B30C0F,sendDeliveryDataToDMS,0000000183499740
2022-01-04T07:34:43,0A0E32610B4061D38813238F,sendDeliveryDataToDMS,0000000183499915
2022-01-04T07:40:11,0A0E3269852061D3895A01CF,sendDeliveryDataToDMS,0000000183503329
2022-01-04T07:44:00,0A0E326B046061D38A3E09DA,sendDeliveryDataToDMS,0000000183505126
2022-01-04T07:43:59,0A0E326B046061D38A3E09D9,sendDeliveryDataToDMS,0000000183505125
2022-01-04T07:46:57,0A0E32690D7061D38AF11343,sendDeliveryDataToDMS,0000000183503356
2022-01-04T07:46:52,0A0E12DD82A061D38AEB3CB2,sendDeliveryDataToDMS,0000000183504478
2022-01-04T07:46:47,0A0E12DD8C0061D38AE6548A,sendDeliveryDataToDMS,0000000183504477
2022-01-04T07:47:17,0A0E32610D7061D38B04145D,sendDeliveryDataToDMS,0000000183499979
2022-01-04T07:47:18,0A0E12DD091061D38B055877,sendDeliveryDataToDMS,0000000183504481
2022-01-04T07:47:08,0A0E12DD091061D38AFC5876,sendDeliveryDataToDMS,0000000183504480
2022-01-04T07:57:18,0A0E12DDC21061D38D5D591B,sendDeliveryDataToDMS,0000000183504542
2022-01-04T07:57:40,0A0E12DD4F1061D38D735990,sendDeliveryDataToDMS,0000000183504543
2022-01-04T08:03:48,0A0E3261046061D38EDD1916,sendDeliveryDataToDMS,0000000183506130
2022-01-04T08:10:06,0A0E326B460061D3905D1865,sendDeliveryDataToDMS,0000000183505269
2022-01-04T08:10:49,0A0E12DD82A061D390853CDD,sendDeliveryDataToDMS,0000000183504746
2022-01-04T08:11:46,0A0E12DD8C0061D390C154BE,sendDeliveryDataToDMS,0000000183504758
2022-01-04T08:19:15,0A0E32690B4061D392821654,sendDeliveryDataToDMS,0000000183503944
2022-01-04T08:22:19,0A0E12DDC21061D3933A596D,sendDeliveryDataToDMS,0000000183507513
2022-01-04T08:25:13,0A0E3269415061D393E817A9,sendDeliveryDataToDMS,0000000183503971
2022-01-04T08:26:23,0A0E326BC44061D3942E197D,sendDeliveryDataToDMS,0000000183505784
2022-01-04T08:35:06,0A0E3269C44061D39639018A,sendDeliveryDataToDMS,0000000183504020
2022-01-04T08:37:23,0A0E12DD023061D396BD13DB,sendDeliveryDataToDMS,0000000183507714
2022-01-04T08:54:48,0A0E32698E3061D39AD70BCC,sendDeliveryDataToDMS,0000000183508234
2022-01-04T08:55:22,0A0E12DD023061D39AF913E8,sendDeliveryDataToDMS,0000000183507979
2022-01-04T08:57:34,0A0E12DDC8A061D39B773DE7,sendDeliveryDataToDMS,0000000183508014
2022-01-04T08:57:45,0A0E12DD8C0061D39B8554E1,sendDeliveryDataToDMS,0000000183508020
2022-01-04T08:58:45,0A0E12DD4F1061D39BC459E7,sendDeliveryDataToDMS,0000000183510028
2022-01-04T09:00:08,0A0E12DD4C9061D39C17341E,sendDeliveryDataToDMS,0000000183510035
2022-01-04T09:00:52,0A0E3269C21061D39C4417D0,sendDeliveryDataToDMS,0000000183508251